2,6,12
4,12,24
6,18,36
8,24,48
10,30,60
12,36,72
14,42,84
16,48,96
18,54,108
20,60,120
22,66,132
24,72,144
26,78,156
28,84,168
30,90,180
32,96,192
34,102,204
36,108,216
38,114,228
40,120,240
42,126,252
44,132,264
46,138,276
48,144,288
50,150,300
52,156,312
54,162,324
56,168,336
58,174,348
60,180,360
62,186,372
64,192,384
66,198,396
68,204,408
70,210,420
72,216,432
74,222,444
76,228,456
78,234,468
80,240,480
82,246,492
84,252,504
86,258,516
88,264,528
90,270,540
92,276,552
94,282,564
96,288,576
98,294,588
100,300,600
102,306,612
104,312,624
106,318,636
108,324,648
110,330,660
112,336,672
114,342,684
116,348,696
118,354,708
120,360,720
122,366,732
124,372,744
126,378,756
128,384,768
130,390,780
132,396,792
134,402,804
136,408,816
138,414,828
140,420,840
142,426,852
144,432,864
146,438,876
148,444,888
150,450,900
152,456,912
154,462,924
156,468,936
158,474,948
160,480,960
162,486,972
164,492,984
166,498,996
168,504,1008
170,510,1020
172,516,1032
174,522,1044
176,528,1056
178,534,1068
180,540,1080
182,546,1092
184,552,1104
186,558,1116
188,564,1128
190,570,1140
192,576,1152
194,582,1164
196,588,1176
198,594,1188
200,600,1200
202,606,1212
204,612,1224
206,618,1236
208,624,1248
210,630,1260
212,636,1272
214,642,1284
216,648,1296
218,654,1308
220,660,1320
222,666,1332
224,672,1344
226,678,1356
228,684,1368
230,690,1380
232,696,1392
234,702,1404
236,708,1416
238,714,1428
240,720,1440
242,726,1452
244,732,1464
246,738,1476
248,744,1488
250,750,1500
252,756,1512
254,762,1524
256,768,1536
258,774,1548
260,780,1560
262,786,1572
264,792,1584
266,798,1596
268,804,1608
270,810,1620
272,816,1632
274,822,1644
276,828,1656
278,834,1668
280,840,1680
282,846,1692
284,852,1704
286,858,1716
288,864,1728
290,870,1740
292,876,1752
294,882,1764
296,888,1776
298,894,1788
300,900,1800
302,906,1812
304,912,1824
306,918,1836
308,924,1848
310,930,1860
312,936,1872
314,942,1884
316,948,1896
318,954,1908
320,960,1920
322,966,1932
324,972,1944
326,978,1956
328,984,1968
330,990,1980
332,996,1992
334,1002,2004
336,1008,2016
338,1014,2028
340,1020,2040
342,1026,2052
344,1032,2064
346,1038,2076
348,1044,2088
350,1050,2100
352,1056,2112
354,1062,2124
356,1068,2136
358,1074,2148
360,1080,2160
362,1086,2172
364,1092,2184
366,1098,2196
368,1104,2208
370,1110,2220
372,1116,2232
374,1122,2244
376,1128,2256
378,1134,2268
380,1140,2280
382,1146,2292
384,1152,2304
386,1158,2316
388,1164,2328
390,1170,2340
392,1176,2352
394,1182,2364
396,1188,2376
398,1194,2388
400,1200,2400
402,1206,2412
404,1212,2424
406,1218,2436
408,1224,2448
410,1230,2460
412,1236,2472
414,1242,2484
416,1248,2496
418,1254,2508
420,1260,2520
422,1266,2532
424,1272,2544
426,1278,2556
428,1284,2568
430,1290,2580
432,1296,2592
434,1302,2604
436,1308,2616
438,1314,2628
440,1320,2640
442,1326,2652
444,1332,2664
446,1338,2676
448,1344,2688
450,1350,2700
452,1356,2712
454,1362,2724
456,1368,2736
458,1374,2748
460,1380,2760
462,1386,2772
464,1392,2784
466,1398,2796
468,1404,2808
470,1410,2820
472,1416,2832
474,1422,2844
476,1428,2856
478,1434,2868
480,1440,2880
482,1446,2892
484,1452,2904
486,1458,2916
488,1464,2928
490,1470,2940
492,1476,2952
494,1482,2964
496,1488,2976
498,1494,2988
500,1500,3000
502,1506,3012
504,1512,3024
506,1518,3036
508,1524,3048
510,1530,3060
512,1536,3072
514,1542,3084
516,1548,3096
518,1554,3108
520,1560,3120
522,1566,3132
524,1572,3144
526,1578,3156
528,1584,3168
530,1590,3180
532,1596,3192
534,1602,3204
536,1608,3216
538,1614,3228
540,1620,3240
542,1626,3252
544,1632,3264
546,1638,3276
548,1644,3288
550,1650,3300
552,1656,3312
554,1662,3324
556,1668,3336
558,1674,3348
560,1680,3360
562,1686,3372
564,1692,3384
566,1698,3396
568,1704,3408
570,1710,3420
572,1716,3432
574,1722,3444
576,1728,3456
578,1734,3468
580,1740,3480
582,1746,3492
584,1752,3504
586,1758,3516
588,1764,3528
590,1770,3540
592,1776,3552
594,1782,3564
596,1788,3576
598,1794,3588
600,1800,3600
602,1806,3612
604,1812,3624
606,1818,3636
608,1824,3648
610,1830,3660
612,1836,3672
614,1842,3684
616,1848,3696
618,1854,3708
620,1860,3720
622,1866,3732
624,1872,3744
626,1878,3756
628,1884,3768
630,1890,3780
632,1896,3792
634,1902,3804
636,1908,3816
638,1914,3828
640,1920,3840
642,1926,3852
644,1932,3864
646,1938,3876
648,1944,3888
650,1950,3900
652,1956,3912
654,1962,3924
656,1968,3936
658,1974,3948
660,1980,3960
662,1986,3972
664,1992,3984
666,1998,3996
668,2004,4008
670,2010,4020
672,2016,4032
674,2022,4044
676,2028,4056
678,2034,4068
680,2040,4080
682,2046,4092
684,2052,4104
686,2058,4116
688,2064,4128
690,2070,4140
692,2076,4152
694,2082,4164
696,2088,4176
698,2094,4188
700,2100,4200
702,2106,4212
704,2112,4224
706,2118,4236
708,2124,4248
710,2130,4260
712,2136,4272
714,2142,4284
716,2148,4296
718,2154,4308
720,2160,4320
722,2166,4332
724,2172,4344
726,2178,4356
728,2184,4368
730,2190,4380
732,2196,4392
734,2202,4404
736,2208,4416
738,2214,4428
740,2220,4440
742,2226,4452
744,2232,4464
746,2238,4476
748,2244,4488
750,2250,4500
752,2256,4512
754,2262,4524
756,2268,4536
758,2274,4548
760,2280,4560
762,2286,4572
764,2292,4584
766,2298,4596
768,2304,4608
770,2310,4620
772,2316,4632
774,2322,4644
776,2328,4656
778,2334,4668
780,2340,4680
782,2346,4692
784,2352,4704
786,2358,4716
788,2364,4728
790,2370,4740
792,2376,4752
794,2382,4764
796,2388,4776
798,2394,4788
800,2400,4800
802,2406,4812
804,2412,4824
806,2418,4836
808,2424,4848
810,2430,4860
812,2436,4872
814,2442,4884
816,2448,4896
818,2454,4908
820,2460,4920
822,2466,4932
824,2472,4944
826,2478,4956
828,2484,4968
830,2490,4980
832,2496,4992
834,2502,5004
836,2508,5016
838,2514,5028
840,2520,5040
842,2526,5052
844,2532,5064
846,2538,5076
848,2544,5088
850,2550,5100
852,2556,5112
854,2562,5124
856,2568,5136
858,2574,5148
860,2580,5160
862,2586,5172
864,2592,5184
866,2598,5196
868,2604,5208
870,2610,5220
872,2616,5232
874,2622,5244
876,2628,5256
878,2634,5268
880,2640,5280
882,2646,5292
884,2652,5304
886,2658,5316
888,2664,5328
890,2670,5340
892,2676,5352
894,2682,5364
896,2688,5376
898,2694,5388
900,2700,5400
902,2706,5412
904,2712,5424
906,2718,5436
908,2724,5448
910,2730,5460
912,2736,5472
914,2742,5484
916,2748,5496
918,2754,5508
920,2760,5520
922,2766,5532
924,2772,5544
926,2778,5556
928,2784,5568
930,2790,5580
932,2796,5592
934,2802,5604
936,2808,5616
938,2814,5628
940,2820,5640
942,2826,5652
944,2832,5664
946,2838,5676
948,2844,5688
950,2850,5700
952,2856,5712
954,2862,5724
956,2868,5736
958,2874,5748
960,2880,5760
962,2886,5772
964,2892,5784
966,2898,5796
968,2904,5808
970,2910,5820
972,2916,5832
974,2922,5844
976,2928,5856
978,2934,5868
980,2940,5880
982,2946,5892
984,2952,5904
986,2958,5916
988,2964,5928
990,2970,5940
992,2976,5952
994,2982,5964
996,2988,5976
998,2994,5988
1000,3000,6000
1002,3006,6012
1004,3012,6024
1006,3018,6036
1008,3024,6048
1010,3030,6060
1012,3036,6072
1014,3042,6084
1016,3048,6096
1018,3054,6108
1020,3060,6120
1022,3066,6132
1024,3072,6144
1026,3078,6156
1028,3084,6168
1030,3090,6180
1032,3096,6192
1034,3102,6204
1036,3108,6216
1038,3114,6228
1040,3120,6240
1042,3126,6252
1044,3132,6264
1046,3138,6276
1048,3144,6288
1050,3150,6300
1052,3156,6312
1054,3162,6324
1056,3168,6336
1058,3174,6348
1060,3180,6360
1062,3186,6372
1064,3192,6384
1066,3198,6396
1068,3204,6408
1070,3210,6420
1072,3216,6432
1074,3222,6444
1076,3228,6456
1078,3234,6468
1080,3240,6480
1082,3246,6492
1084,3252,6504
1086,3258,6516
1088,3264,6528
1090,3270,6540
1092,3276,6552
1094,3282,6564
1096,3288,6576
1098,3294,6588
1100,3300,6600
1102,3306,6612
1104,3312,6624
1106,3318,6636
1108,3324,6648
1110,3330,6660
1112,3336,6672
1114,3342,6684
1116,3348,6696
1118,3354,6708
1120,3360,6720
1122,3366,6732
1124,3372,6744
1126,3378,6756
1128,3384,6768
1130,3390,6780
1132,3396,6792
1134,3402,6804
1136,3408,6816
1138,3414,6828
1140,3420,6840
1142,3426,6852
1144,3432,6864
1146,3438,6876
1148,3444,6888
1150,3450,6900
1152,3456,6912
1154,3462,6924
1156,3468,6936
1158,3474,6948
1160,3480,6960
1162,3486,6972
1164,3492,6984
1166,3498,6996
1168,3504,7008
1170,3510,7020
1172,3516,7032
1174,3522,7044
1176,3528,7056
1178,3534,7068
1180,3540,7080
1182,3546,7092
1184,3552,7104
1186,3558,7116
1188,3564,7128
1190,3570,7140
1192,3576,7152
1194,3582,7164
1196,3588,7176
1198,3594,7188
1200,3600,7200
1202,3606,7212
1204,3612,7224
1206,3618,7236
1208,3624,7248
1210,3630,7260
1212,3636,7272
1214,3642,7284
1216,3648,7296
1218,3654,7308
1220,3660,7320
1222,3666,7332
1224,3672,7344
1226,3678,7356
1228,3684,7368
1230,3690,7380
1232,3696,7392
1234,3702,7404
1236,3708,7416
1238,3714,7428
1240,3720,7440
1242,3726,7452
1244,3732,7464
1246,3738,7476
1248,3744,7488
1250,3750,7500
1252,3756,7512
1254,3762,7524
1256,3768,7536
1258,3774,7548
1260,3780,7560
1262,3786,7572
1264,3792,7584
1266,3798,7596
1268,3804,7608
1270,3810,7620
1272,3816,7632
1274,3822,7644
1276,3828,7656
1278,3834,7668
1280,3840,7680
1282,3846,7692
1284,3852,7704
1286,3858,7716
1288,3864,7728
1290,3870,7740
1292,3876,7752
1294,3882,7764
1296,3888,7776
1298,3894,7788
1300,3900,7800
1302,3906,7812
1304,3912,7824
1306,3918,7836
1308,3924,7848
1310,3930,7860
1312,3936,7872
1314,3942,7884
1316,3948,7896
1318,3954,7908
1320,3960,7920
1322,3966,7932
1324,3972,7944
1326,3978,7956
1328,3984,7968
1330,3990,7980
1332,3996,7992
1334,4002,8004
1336,4008,8016
1338,4014,8028
1340,4020,8040
1342,4026,8052
1344,4032,8064
1346,4038,8076
1348,4044,8088
1350,4050,8100
1352,4056,8112
1354,4062,8124
1356,4068,8136
1358,4074,8148
1360,4080,8160
1362,4086,8172
1364,4092,8184
1366,4098,8196
1368,4104,8208
1370,4110,8220
1372,4116,8232
1374,4122,8244
1376,4128,8256
1378,4134,8268
1380,4140,8280
1382,4146,8292
1384,4152,8304
1386,4158,8316
1388,4164,8328
1390,4170,8340
1392,4176,8352
1394,4182,8364
1396,4188,8376
1398,4194,8388
1400,4200,8400
1402,4206,8412
1404,4212,8424
1406,4218,8436
1408,4224,8448
1410,4230,8460
1412,4236,8472
1414,4242,8484
1416,4248,8496
1418,4254,8508
1420,4260,8520
1422,4266,8532
1424,4272,8544
1426,4278,8556
1428,4284,8568
1430,4290,8580
1432,4296,8592
1434,4302,8604
1436,4308,8616
1438,4314,8628
1440,4320,8640
1442,4326,8652
1444,4332,8664
1446,4338,8676
1448,4344,8688
1450,4350,8700
1452,4356,8712
1454,4362,8724
1456,4368,8736
1458,4374,8748
1460,4380,8760
1462,4386,8772
1464,4392,8784
1466,4398,8796
1468,4404,8808
1470,4410,8820
1472,4416,8832
1474,4422,8844
1476,4428,8856
1478,4434,8868
1480,4440,8880
1482,4446,8892
1484,4452,8904
1486,4458,8916
1488,4464,8928
1490,4470,8940
1492,4476,8952
1494,4482,8964
1496,4488,8976
1498,4494,8988
1500,4500,9000
1502,4506,9012
1504,4512,9024
1506,4518,9036
1508,4524,9048
1510,4530,9060
1512,4536,9072
1514,4542,9084
1516,4548,9096
1518,4554,9108
1520,4560,9120
1522,4566,9132
1524,4572,9144
1526,4578,9156
1528,4584,9168
1530,4590,9180
1532,4596,9192
1534,4602,9204
1536,4608,9216
1538,4614,9228
1540,4620,9240
1542,4626,9252
1544,4632,9264
1546,4638,9276
1548,4644,9288
1550,4650,9300
1552,4656,9312
1554,4662,9324
1556,4668,9336
1558,4674,9348
1560,4680,9360
1562,4686,9372
1564,4692,9384
1566,4698,9396
1568,4704,9408
1570,4710,9420
1572,4716,9432
1574,4722,9444
1576,4728,9456
1578,4734,9468
1580,4740,9480
1582,4746,9492
1584,4752,9504
1586,4758,9516
1588,4764,9528
1590,4770,9540
1592,4776,9552
1594,4782,9564
1596,4788,9576
1598,4794,9588
1600,4800,9600
1602,4806,9612
1604,4812,9624
1606,4818,9636
1608,4824,9648
1610,4830,9660
1612,4836,9672
1614,4842,9684
1616,4848,9696
1618,4854,9708
1620,4860,9720
1622,4866,9732
1624,4872,9744
1626,4878,9756
1628,4884,9768
1630,4890,9780
1632,4896,9792
1634,4902,9804
1636,4908,9816
1638,4914,9828
1640,4920,9840
1642,4926,9852
1644,4932,9864
1646,4938,9876
1648,4944,9888
1650,4950,9900
1652,4956,9912
1654,4962,9924
1656,4968,9936
1658,4974,9948
1660,4980,9960
1662,4986,9972
1664,4992,9984
1666,4998,9996
1668,5004,10008
1670,5010,10020
1672,5016,10032
1674,5022,10044
1676,5028,10056
1678,5034,10068
1680,5040,10080
1682,5046,10092
1684,5052,10104
1686,5058,10116
1688,5064,10128
1690,5070,10140
1692,5076,10152
1694,5082,10164
1696,5088,10176
1698,5094,10188
1700,5100,10200
1702,5106,10212
1704,5112,10224
1706,5118,10236
1708,5124,10248
1710,5130,10260
1712,5136,10272
1714,5142,10284
1716,5148,10296
1718,5154,10308
1720,5160,10320
1722,5166,10332
1724,5172,10344
1726,5178,10356
1728,5184,10368
1730,5190,10380
1732,5196,10392
1734,5202,10404
1736,5208,10416
1738,5214,10428
1740,5220,10440
1742,5226,10452
1744,5232,10464
1746,5238,10476
1748,5244,10488
1750,5250,10500
1752,5256,10512
1754,5262,10524
1756,5268,10536
1758,5274,10548
1760,5280,10560
1762,5286,10572
1764,5292,10584
1766,5298,10596
1768,5304,10608
1770,5310,10620
1772,5316,10632
1774,5322,10644
1776,5328,10656
1778,5334,10668
1780,5340,10680
1782,5346,10692
1784,5352,10704
1786,5358,10716
1788,5364,10728
1790,5370,10740
1792,5376,10752
1794,5382,10764
1796,5388,10776
1798,5394,10788
1800,5400,10800
1802,5406,10812
1804,5412,10824
1806,5418,10836
1808,5424,10848
1810,5430,10860
1812,5436,10872
1814,5442,10884
1816,5448,10896
1818,5454,10908
1820,5460,10920
1822,5466,10932
1824,5472,10944
1826,5478,10956
1828,5484,10968
1830,5490,10980
1832,5496,10992
1834,5502,11004
1836,5508,11016
1838,5514,11028
1840,5520,11040
1842,5526,11052
1844,5532,11064
1846,5538,11076
1848,5544,11088
1850,5550,11100
1852,5556,11112
1854,5562,11124
1856,5568,11136
1858,5574,11148
1860,5580,11160
1862,5586,11172
1864,5592,11184
1866,5598,11196
1868,5604,11208
1870,5610,11220
1872,5616,11232
1874,5622,11244
1876,5628,11256
1878,5634,11268
1880,5640,11280
1882,5646,11292
1884,5652,11304
1886,5658,11316
1888,5664,11328
1890,5670,11340
1892,5676,11352
1894,5682,11364
1896,5688,11376
1898,5694,11388
1900,5700,11400
1902,5706,11412
1904,5712,11424
1906,5718,11436
1908,5724,11448
1910,5730,11460
1912,5736,11472
1914,5742,11484
1916,5748,11496
1918,5754,11508
1920,5760,11520
1922,5766,11532
1924,5772,11544
1926,5778,11556
1928,5784,11568
1930,5790,11580
1932,5796,11592
1934,5802,11604
1936,5808,11616
1938,5814,11628
1940,5820,11640
1942,5826,11652
1944,5832,11664
1946,5838,11676
1948,5844,11688
1950,5850,11700
1952,5856,11712
1954,5862,11724
1956,5868,11736
1958,5874,11748
1960,5880,11760
1962,5886,11772
1964,5892,11784
1966,5898,11796
1968,5904,11808
1970,5910,11820
1972,5916,11832
1974,5922,11844
1976,5928,11856
1978,5934,11868
1980,5940,11880
1982,5946,11892
1984,5952,11904
1986,5958,11916
1988,5964,11928
1990,5970,11940
1992,5976,11952
1994,5982,11964
1996,5988,11976
1998,5994,11988
2000,6000,12000
2002,6006,12012
2004,6012,12024
2006,6018,12036
2008,6024,12048
2010,6030,12060
2012,6036,12072
2014,6042,12084
2016,6048,12096
2018,6054,12108
2020,6060,12120
2022,6066,12132
2024,6072,12144
2026,6078,12156
2028,6084,12168
2030,6090,12180
2032,6096,12192
2034,6102,12204
2036,6108,12216
2038,6114,12228
2040,6120,12240
2042,6126,12252
2044,6132,12264
2046,6138,12276
2048,6144,12288
2050,6150,12300
2052,6156,12312
2054,6162,12324
2056,6168,12336
2058,6174,12348
2060,6180,12360
2062,6186,12372
2064,6192,12384
2066,6198,12396
2068,6204,12408
2070,6210,12420
2072,6216,12432
2074,6222,12444
2076,6228,12456
2078,6234,12468
2080,6240,12480
2082,6246,12492
2084,6252,12504
2086,6258,12516
2088,6264,12528
2090,6270,12540
2092,6276,12552
2094,6282,12564
2096,6288,12576
2098,6294,12588
2100,6300,12600
2102,6306,12612
2104,6312,12624
2106,6318,12636
2108,6324,12648
2110,6330,12660
2112,6336,12672
2114,6342,12684
2116,6348,12696
2118,6354,12708
2120,6360,12720
2122,6366,12732
2124,6372,12744
2126,6378,12756
2128,6384,12768
2130,6390,12780
2132,6396,12792
2134,6402,12804
2136,6408,12816
2138,6414,12828
2140,6420,12840
2142,6426,12852
2144,6432,12864
2146,6438,12876
2148,6444,12888
2150,6450,12900
2152,6456,12912
2154,6462,12924
2156,6468,12936
2158,6474,12948
2160,6480,12960
2162,6486,12972
2164,6492,12984
2166,6498,12996
2168,6504,13008
2170,6510,13020
2172,6516,13032
2174,6522,13044
2176,6528,13056
2178,6534,13068
2180,6540,13080
2182,6546,13092
2184,6552,13104
2186,6558,13116
2188,6564,13128
2190,6570,13140
2192,6576,13152
2194,6582,13164
2196,6588,13176
2198,6594,13188
2200,6600,13200
2202,6606,13212
2204,6612,13224
2206,6618,13236
2208,6624,13248
2210,6630,13260
2212,6636,13272
2214,6642,13284
2216,6648,13296
2218,6654,13308
2220,6660,13320
2222,6666,13332
2224,6672,13344
2226,6678,13356
2228,6684,13368
2230,6690,13380
2232,6696,13392
2234,6702,13404
2236,6708,13416
2238,6714,13428
2240,6720,13440
2242,6726,13452
2244,6732,13464
2246,6738,13476
2248,6744,13488
2250,6750,13500
2252,6756,13512
2254,6762,13524
2256,6768,13536
2258,6774,13548
2260,6780,13560
2262,6786,13572
2264,6792,13584
2266,6798,13596
2268,6804,13608
2270,6810,13620
2272,6816,13632
2274,6822,13644
2276,6828,13656
2278,6834,13668
2280,6840,13680
2282,6846,13692
2284,6852,13704
2286,6858,13716
2288,6864,13728
2290,6870,13740
2292,6876,13752
2294,6882,13764
2296,6888,13776
2298,6894,13788
2300,6900,13800
2302,6906,13812
2304,6912,13824
2306,6918,13836
2308,6924,13848
2310,6930,13860
2312,6936,13872
2314,6942,13884
2316,6948,13896
2318,6954,13908
2320,6960,13920
2322,6966,13932
2324,6972,13944
2326,6978,13956
2328,6984,13968
2330,6990,13980
2332,6996,13992
2334,7002,14004
2336,7008,14016
2338,7014,14028
2340,7020,14040
2342,7026,14052
2344,7032,14064
2346,7038,14076
2348,7044,14088
2350,7050,14100
2352,7056,14112
2354,7062,14124
2356,7068,14136
2358,7074,14148
2360,7080,14160
2362,7086,14172
2364,7092,14184
2366,7098,14196
2368,7104,14208
2370,7110,14220
2372,7116,14232
2374,7122,14244
2376,7128,14256
2378,7134,14268
2380,7140,14280
2382,7146,14292
2384,7152,14304
2386,7158,14316
2388,7164,14328
2390,7170,14340
2392,7176,14352
2394,7182,14364
2396,7188,14376
2398,7194,14388
2400,7200,14400
2402,7206,14412
2404,7212,14424
2406,7218,14436
2408,7224,14448
2410,7230,14460
2412,7236,14472
2414,7242,14484
2416,7248,14496
2418,7254,14508
2420,7260,14520
2422,7266,14532
2424,7272,14544
2426,7278,14556
2428,7284,14568
2430,7290,14580
2432,7296,14592
2434,7302,14604
2436,7308,14616
2438,7314,14628
2440,7320,14640
2442,7326,14652
2444,7332,14664
2446,7338,14676
2448,7344,14688
2450,7350,14700
2452,7356,14712
2454,7362,14724
2456,7368,14736
2458,7374,14748
2460,7380,14760
2462,7386,14772
2464,7392,14784
2466,7398,14796
2468,7404,14808
2470,7410,14820
2472,7416,14832
2474,7422,14844
2476,7428,14856
2478,7434,14868
2480,7440,14880
2482,7446,14892
2484,7452,14904
2486,7458,14916
2488,7464,14928
2490,7470,14940
2492,7476,14952
2494,7482,14964
2496,7488,14976
2498,7494,14988
2500,7500,15000
2502,7506,15012
2504,7512,15024
2506,7518,15036
2508,7524,15048
2510,7530,15060
2512,7536,15072
2514,7542,15084
2516,7548,15096
2518,7554,15108
2520,7560,15120
2522,7566,15132
2524,7572,15144
2526,7578,15156
2528,7584,15168
2530,7590,15180
2532,7596,15192
2534,7602,15204
2536,7608,15216
2538,7614,15228
2540,7620,15240
2542,7626,15252
2544,7632,15264
2546,7638,15276
2548,7644,15288
2550,7650,15300
2552,7656,15312
2554,7662,15324
2556,7668,15336
2558,7674,15348
2560,7680,15360
2562,7686,15372
2564,7692,15384
2566,7698,15396
2568,7704,15408
2570,7710,15420
2572,7716,15432
2574,7722,15444
2576,7728,15456
2578,7734,15468
2580,7740,15480
2582,7746,15492
2584,7752,15504
2586,7758,15516
2588,7764,15528
2590,7770,15540
2592,7776,15552
2594,7782,15564
2596,7788,15576
2598,7794,15588
2600,7800,15600
2602,7806,15612
2604,7812,15624
2606,7818,15636
2608,7824,15648
2610,7830,15660
2612,7836,15672
2614,7842,15684
2616,7848,15696
2618,7854,15708
2620,7860,15720
2622,7866,15732
2624,7872,15744
2626,7878,15756
2628,7884,15768
2630,7890,15780
2632,7896,15792
2634,7902,15804
2636,7908,15816
2638,7914,15828
2640,7920,15840
2642,7926,15852
2644,7932,15864
2646,7938,15876
2648,7944,15888
2650,7950,15900
2652,7956,15912
2654,7962,15924
2656,7968,15936
2658,7974,15948
2660,7980,15960
2662,7986,15972
2664,7992,15984
2666,7998,15996
2668,8004,16008
2670,8010,16020
2672,8016,16032
2674,8022,16044
2676,8028,16056
2678,8034,16068
2680,8040,16080
2682,8046,16092
2684,8052,16104
2686,8058,16116
2688,8064,16128
2690,8070,16140
2692,8076,16152
2694,8082,16164
2696,8088,16176
2698,8094,16188
2700,8100,16200
2702,8106,16212
2704,8112,16224
2706,8118,16236
2708,8124,16248
2710,8130,16260
2712,8136,16272
2714,8142,16284
2716,8148,16296
2718,8154,16308
2720,8160,16320
2722,8166,16332
2724,8172,16344
2726,8178,16356
2728,8184,16368
2730,8190,16380
2732,8196,16392
2734,8202,16404
2736,8208,16416
2738,8214,16428
2740,8220,16440
2742,8226,16452
2744,8232,16464
2746,8238,16476
2748,8244,16488
2750,8250,16500
2752,8256,16512
2754,8262,16524
2756,8268,16536
2758,8274,16548
2760,8280,16560
2762,8286,16572
2764,8292,16584
2766,8298,16596
2768,8304,16608
2770,8310,16620
2772,8316,16632
2774,8322,16644
2776,8328,16656
2778,8334,16668
2780,8340,16680
2782,8346,16692
2784,8352,16704
2786,8358,16716
2788,8364,16728
2790,8370,16740
2792,8376,16752
2794,8382,16764
2796,8388,16776
2798,8394,16788
2800,8400,16800
2802,8406,16812
2804,8412,16824
2806,8418,16836
2808,8424,16848
2810,8430,16860
2812,8436,16872
2814,8442,16884
2816,8448,16896
2818,8454,16908
2820,8460,16920
2822,8466,16932
2824,8472,16944
2826,8478,16956
2828,8484,16968
2830,8490,16980
2832,8496,16992
2834,8502,17004
2836,8508,17016
2838,8514,17028
2840,8520,17040
2842,8526,17052
2844,8532,17064
2846,8538,17076
2848,8544,17088
2850,8550,17100
2852,8556,17112
2854,8562,17124
2856,8568,17136
2858,8574,17148
2860,8580,17160
2862,8586,17172
2864,8592,17184
2866,8598,17196
2868,8604,17208
2870,8610,17220
2872,8616,17232
2874,8622,17244
2876,8628,17256
2878,8634,17268
2880,8640,17280
2882,8646,17292
2884,8652,17304
2886,8658,17316
2888,8664,17328
2890,8670,17340
2892,8676,17352
2894,8682,17364
2896,8688,17376
2898,8694,17388
2900,8700,17400
2902,8706,17412
2904,8712,17424
2906,8718,17436
2908,8724,17448
2910,8730,17460
2912,8736,17472
2914,8742,17484
2916,8748,17496
2918,8754,17508
2920,8760,17520
2922,8766,17532
2924,8772,17544
2926,8778,17556
2928,8784,17568
2930,8790,17580
2932,8796,17592
2934,8802,17604
2936,8808,17616
2938,8814,17628
2940,8820,17640
2942,8826,17652
2944,8832,17664
2946,8838,17676
2948,8844,17688
2950,8850,17700
2952,8856,17712
2954,8862,17724
2956,8868,17736
2958,8874,17748
2960,8880,17760
2962,8886,17772
2964,8892,17784
2966,8898,17796
2968,8904,17808
2970,8910,17820
2972,8916,17832
2974,8922,17844
2976,8928,17856
2978,8934,17868
2980,8940,17880
2982,8946,17892
2984,8952,17904
2986,8958,17916
2988,8964,17928
2990,8970,17940
2992,8976,17952
2994,8982,17964
2996,8988,17976
2998,8994,17988
3000,9000,18000
3002,9006,18012
3004,9012,18024
3006,9018,18036
3008,9024,18048
3010,9030,18060
3012,9036,18072
3014,9042,18084
3016,9048,18096
3018,9054,18108
3020,9060,18120
3022,9066,18132
3024,9072,18144
3026,9078,18156
3028,9084,18168
3030,9090,18180
3032,9096,18192
3034,9102,18204
3036,9108,18216
3038,9114,18228
3040,9120,18240
3042,9126,18252
3044,9132,18264
3046,9138,18276
3048,9144,18288
3050,9150,18300
3052,9156,18312
3054,9162,18324
3056,9168,18336
3058,9174,18348
3060,9180,18360
3062,9186,18372
3064,9192,18384
3066,9198,18396
3068,9204,18408
3070,9210,18420
3072,9216,18432
3074,9222,18444
3076,9228,18456
3078,9234,18468
3080,9240,18480
3082,9246,18492
3084,9252,18504
3086,9258,18516
3088,9264,18528
3090,9270,18540
3092,9276,18552
3094,9282,18564
3096,9288,18576
3098,9294,18588
3100,9300,18600
3102,9306,18612
3104,9312,18624
3106,9318,18636
3108,9324,18648
3110,9330,18660
3112,9336,18672
3114,9342,18684
3116,9348,18696
3118,9354,18708
3120,9360,18720
3122,9366,18732
3124,9372,18744
3126,9378,18756
3128,9384,18768
3130,9390,18780
3132,9396,18792
3134,9402,18804
3136,9408,18816
3138,9414,18828
3140,9420,18840
3142,9426,18852
3144,9432,18864
3146,9438,18876
3148,9444,18888
3150,9450,18900
3152,9456,18912
3154,9462,18924
3156,9468,18936
3158,9474,18948
3160,9480,18960
3162,9486,18972
3164,9492,18984
3166,9498,18996
3168,9504,19008
3170,9510,19020
3172,9516,19032
3174,9522,19044
3176,9528,19056
3178,9534,19068
3180,9540,19080
3182,9546,19092
3184,9552,19104
3186,9558,19116
3188,9564,19128
3190,9570,19140
3192,9576,19152
3194,9582,19164
3196,9588,19176
3198,9594,19188
3200,9600,19200
3202,9606,19212
3204,9612,19224
3206,9618,19236
3208,9624,19248
3210,9630,19260
3212,9636,19272
3214,9642,19284
3216,9648,19296
3218,9654,19308
3220,9660,19320
3222,9666,19332
3224,9672,19344
3226,9678,19356
3228,9684,19368
3230,9690,19380
3232,9696,19392
3234,9702,19404
3236,9708,19416
3238,9714,19428
3240,9720,19440
3242,9726,19452
3244,9732,19464
3246,9738,19476
3248,9744,19488
3250,9750,19500
3252,9756,19512
3254,9762,19524
3256,9768,19536
3258,9774,19548
3260,9780,19560
3262,9786,19572
3264,9792,19584
3266,9798,19596
3268,9804,19608
3270,9810,19620
3272,9816,19632
3274,9822,19644
3276,9828,19656
3278,9834,19668
3280,9840,19680
3282,9846,19692
3284,9852,19704
3286,9858,19716
3288,9864,19728
3290,9870,19740
3292,9876,19752
3294,9882,19764
3296,9888,19776
3298,9894,19788
3300,9900,19800
3302,9906,19812
3304,9912,19824
3306,9918,19836
3308,9924,19848
3310,9930,19860
3312,9936,19872
3314,9942,19884
3316,9948,19896
3318,9954,19908
3320,9960,19920
3322,9966,19932
3324,9972,19944
3326,9978,19956
3328,9984,19968
3330,9990,19980
3332,9996,19992
3334,10002,20004
3336,10008,20016
3338,10014,20028
3340,10020,20040
3342,10026,20052
3344,10032,20064
3346,10038,20076
3348,10044,20088
3350,10050,20100
3352,10056,20112
3354,10062,20124
3356,10068,20136
3358,10074,20148
3360,10080,20160
3362,10086,20172
3364,10092,20184
3366,10098,20196
3368,10104,20208
3370,10110,20220
3372,10116,20232
3374,10122,20244
3376,10128,20256
3378,10134,20268
3380,10140,20280
3382,10146,20292
3384,10152,20304
3386,10158,20316
3388,10164,20328
3390,10170,20340
3392,10176,20352
3394,10182,20364
3396,10188,20376
3398,10194,20388
3400,10200,20400
3402,10206,20412
3404,10212,20424
3406,10218,20436
3408,10224,20448
3410,10230,20460
3412,10236,20472
3414,10242,20484
3416,10248,20496
3418,10254,20508
3420,10260,20520
3422,10266,20532
3424,10272,20544
3426,10278,20556
3428,10284,20568
3430,10290,20580
3432,10296,20592
3434,10302,20604
3436,10308,20616
3438,10314,20628
3440,10320,20640
3442,10326,20652
3444,10332,20664
3446,10338,20676
3448,10344,20688
3450,10350,20700
3452,10356,20712
3454,10362,20724
3456,10368,20736
3458,10374,20748
3460,10380,20760
3462,10386,20772
3464,10392,20784
3466,10398,20796
3468,10404,20808
3470,10410,20820
3472,10416,20832
3474,10422,20844
3476,10428,20856
3478,10434,20868
3480,10440,20880
3482,10446,20892
3484,10452,20904
3486,10458,20916
3488,10464,20928
3490,10470,20940
3492,10476,20952
3494,10482,20964
3496,10488,20976
3498,10494,20988
3500,10500,21000
3502,10506,21012
3504,10512,21024
3506,10518,21036
3508,10524,21048
3510,10530,21060
3512,10536,21072
3514,10542,21084
3516,10548,21096
3518,10554,21108
3520,10560,21120
3522,10566,21132
3524,10572,21144
3526,10578,21156
3528,10584,21168
3530,10590,21180
3532,10596,21192
3534,10602,21204
3536,10608,21216
3538,10614,21228
3540,10620,21240
3542,10626,21252
3544,10632,21264
3546,10638,21276
3548,10644,21288
3550,10650,21300
3552,10656,21312
3554,10662,21324
3556,10668,21336
3558,10674,21348
3560,10680,21360
3562,10686,21372
3564,10692,21384
3566,10698,21396
3568,10704,21408
3570,10710,21420
3572,10716,21432
3574,10722,21444
3576,10728,21456
3578,10734,21468
3580,10740,21480
3582,10746,21492
3584,10752,21504
3586,10758,21516
3588,10764,21528
3590,10770,21540
3592,10776,21552
3594,10782,21564
3596,10788,21576
3598,10794,21588
3600,10800,21600
3602,10806,21612
3604,10812,21624
3606,10818,21636
3608,10824,21648
3610,10830,21660
3612,10836,21672
3614,10842,21684
3616,10848,21696
3618,10854,21708
3620,10860,21720
3622,10866,21732
3624,10872,21744
3626,10878,21756
3628,10884,21768
3630,10890,21780
3632,10896,21792
3634,10902,21804
3636,10908,21816
3638,10914,21828
3640,10920,21840
3642,10926,21852
3644,10932,21864
3646,10938,21876
3648,10944,21888
3650,10950,21900
3652,10956,21912
3654,10962,21924
3656,10968,21936
3658,10974,21948
3660,10980,21960
3662,10986,21972
3664,10992,21984
3666,10998,21996
3668,11004,22008
3670,11010,22020
3672,11016,22032
3674,11022,22044
3676,11028,22056
3678,11034,22068
3680,11040,22080
3682,11046,22092
3684,11052,22104
3686,11058,22116
3688,11064,22128
3690,11070,22140
3692,11076,22152
3694,11082,22164
3696,11088,22176
3698,11094,22188
3700,11100,22200
3702,11106,22212
3704,11112,22224
3706,11118,22236
3708,11124,22248
3710,11130,22260
3712,11136,22272
3714,11142,22284
3716,11148,22296
3718,11154,22308
3720,11160,22320
3722,11166,22332
3724,11172,22344
3726,11178,22356
3728,11184,22368
3730,11190,22380
3732,11196,22392
3734,11202,22404
3736,11208,22416
3738,11214,22428
3740,11220,22440
3742,11226,22452
3744,11232,22464
3746,11238,22476
3748,11244,22488
3750,11250,22500
3752,11256,22512
3754,11262,22524
3756,11268,22536
3758,11274,22548
3760,11280,22560
3762,11286,22572
3764,11292,22584
3766,11298,22596
3768,11304,22608
3770,11310,22620
3772,11316,22632
3774,11322,22644
3776,11328,22656
3778,11334,22668
3780,11340,22680
3782,11346,22692
3784,11352,22704
3786,11358,22716
3788,11364,22728
3790,11370,22740
3792,11376,22752
3794,11382,22764
3796,11388,22776
3798,11394,22788
3800,11400,22800
3802,11406,22812
3804,11412,22824
3806,11418,22836
3808,11424,22848
3810,11430,22860
3812,11436,22872
3814,11442,22884
3816,11448,22896
3818,11454,22908
3820,11460,22920
3822,11466,22932
3824,11472,22944
3826,11478,22956
3828,11484,22968
3830,11490,22980
3832,11496,22992
3834,11502,23004
3836,11508,23016
3838,11514,23028
3840,11520,23040
3842,11526,23052
3844,11532,23064
3846,11538,23076
3848,11544,23088
3850,11550,23100
3852,11556,23112
3854,11562,23124
3856,11568,23136
3858,11574,23148
3860,11580,23160
3862,11586,23172
3864,11592,23184
3866,11598,23196
3868,11604,23208
3870,11610,23220
3872,11616,23232
3874,11622,23244
3876,11628,23256
3878,11634,23268
3880,11640,23280
3882,11646,23292
3884,11652,23304
3886,11658,23316
3888,11664,23328
3890,11670,23340
3892,11676,23352
3894,11682,23364
3896,11688,23376
3898,11694,23388
3900,11700,23400
3902,11706,23412
3904,11712,23424
3906,11718,23436
3908,11724,23448
3910,11730,23460
3912,11736,23472
3914,11742,23484
3916,11748,23496
3918,11754,23508
3920,11760,23520
3922,11766,23532
3924,11772,23544
3926,11778,23556
3928,11784,23568
3930,11790,23580
3932,11796,23592
3934,11802,23604
3936,11808,23616
3938,11814,23628
3940,11820,23640
3942,11826,23652
3944,11832,23664
3946,11838,23676
3948,11844,23688
3950,11850,23700
3952,11856,23712
3954,11862,23724
3956,11868,23736
3958,11874,23748
3960,11880,23760
3962,11886,23772
3964,11892,23784
3966,11898,23796
3968,11904,23808
3970,11910,23820
3972,11916,23832
3974,11922,23844
3976,11928,23856
3978,11934,23868
3980,11940,23880
3982,11946,23892
3984,11952,23904
3986,11958,23916
3988,11964,23928
3990,11970,23940
3992,11976,23952
3994,11982,23964
3996,11988,23976
3998,11994,23988
4000,12000,24000
4002,12006,24012
4004,12012,24024
4006,12018,24036
4008,12024,24048
4010,12030,24060
4012,12036,24072
4014,12042,24084
4016,12048,24096
4018,12054,24108
4020,12060,24120
4022,12066,24132
4024,12072,24144
4026,12078,24156
4028,12084,24168
4030,12090,24180
4032,12096,24192
4034,12102,24204
4036,12108,24216
4038,12114,24228
4040,12120,24240
4042,12126,24252
4044,12132,24264
4046,12138,24276
4048,12144,24288
4050,12150,24300
4052,12156,24312
4054,12162,24324
4056,12168,24336
4058,12174,24348
4060,12180,24360
4062,12186,24372
4064,12192,24384
4066,12198,24396
4068,12204,24408
4070,12210,24420
4072,12216,24432
4074,12222,24444
4076,12228,24456
4078,12234,24468
4080,12240,24480
4082,12246,24492
4084,12252,24504
4086,12258,24516
4088,12264,24528
4090,12270,24540
4092,12276,24552
4094,12282,24564
4096,12288,24576
4098,12294,24588
4100,12300,24600
4102,12306,24612
4104,12312,24624
4106,12318,24636
4108,12324,24648
4110,12330,24660
4112,12336,24672
4114,12342,24684
4116,12348,24696
4118,12354,24708
4120,12360,24720
4122,12366,24732
4124,12372,24744
4126,12378,24756
4128,12384,24768
4130,12390,24780
4132,12396,24792
4134,12402,24804
4136,12408,24816
4138,12414,24828
4140,12420,24840
4142,12426,24852
4144,12432,24864
4146,12438,24876
4148,12444,24888
4150,12450,24900
4152,12456,24912
4154,12462,24924
4156,12468,24936
4158,12474,24948
4160,12480,24960
4162,12486,24972
4164,12492,24984
4166,12498,24996
4168,12504,25008
4170,12510,25020
4172,12516,25032
4174,12522,25044
4176,12528,25056
4178,12534,25068
4180,12540,25080
4182,12546,25092
4184,12552,25104
4186,12558,25116
4188,12564,25128
4190,12570,25140
4192,12576,25152
4194,12582,25164
4196,12588,25176
4198,12594,25188
4200,12600,25200
4202,12606,25212
4204,12612,25224
4206,12618,25236
4208,12624,25248
4210,12630,25260
4212,12636,25272
4214,12642,25284
4216,12648,25296
4218,12654,25308
4220,12660,25320
4222,12666,25332
4224,12672,25344
4226,12678,25356
4228,12684,25368
4230,12690,25380
4232,12696,25392
4234,12702,25404
4236,12708,25416
4238,12714,25428
4240,12720,25440
4242,12726,25452
4244,12732,25464
4246,12738,25476
4248,12744,25488
4250,12750,25500
4252,12756,25512
4254,12762,25524
4256,12768,25536
4258,12774,25548
4260,12780,25560
4262,12786,25572
4264,12792,25584
4266,12798,25596
4268,12804,25608
4270,12810,25620
4272,12816,25632
4274,12822,25644
4276,12828,25656
4278,12834,25668
4280,12840,25680
4282,12846,25692
4284,12852,25704
4286,12858,25716
4288,12864,25728
4290,12870,25740
4292,12876,25752
4294,12882,25764
4296,12888,25776
4298,12894,25788
4300,12900,25800
4302,12906,25812
4304,12912,25824
4306,12918,25836
4308,12924,25848
4310,12930,25860
4312,12936,25872
4314,12942,25884
4316,12948,25896
4318,12954,25908
4320,12960,25920
4322,12966,25932
4324,12972,25944
4326,12978,25956
4328,12984,25968
4330,12990,25980
4332,12996,25992
4334,13002,26004
4336,13008,26016
4338,13014,26028
4340,13020,26040
4342,13026,26052
4344,13032,26064
4346,13038,26076
4348,13044,26088
4350,13050,26100
4352,13056,26112
4354,13062,26124
4356,13068,26136
4358,13074,26148
4360,13080,26160
4362,13086,26172
4364,13092,26184
4366,13098,26196
4368,13104,26208
4370,13110,26220
4372,13116,26232
4374,13122,26244
4376,13128,26256
4378,13134,26268
4380,13140,26280
4382,13146,26292
4384,13152,26304
4386,13158,26316
4388,13164,26328
4390,13170,26340
4392,13176,26352
4394,13182,26364
4396,13188,26376
4398,13194,26388
4400,13200,26400
4402,13206,26412
4404,13212,26424
4406,13218,26436
4408,13224,26448
4410,13230,26460
4412,13236,26472
4414,13242,26484
4416,13248,26496
4418,13254,26508
4420,13260,26520
4422,13266,26532
4424,13272,26544
4426,13278,26556
4428,13284,26568
4430,13290,26580
4432,13296,26592
4434,13302,26604
4436,13308,26616
4438,13314,26628
4440,13320,26640
4442,13326,26652
4444,13332,26664
4446,13338,26676
4448,13344,26688
4450,13350,26700
4452,13356,26712
4454,13362,26724
4456,13368,26736
4458,13374,26748
4460,13380,26760
4462,13386,26772
4464,13392,26784
4466,13398,26796
4468,13404,26808
4470,13410,26820
4472,13416,26832
4474,13422,26844
4476,13428,26856
4478,13434,26868
4480,13440,26880
4482,13446,26892
4484,13452,26904
4486,13458,26916
4488,13464,26928
4490,13470,26940
4492,13476,26952
4494,13482,26964
4496,13488,26976
4498,13494,26988
4500,13500,27000
4502,13506,27012
4504,13512,27024
4506,13518,27036
4508,13524,27048
4510,13530,27060
4512,13536,27072
4514,13542,27084
4516,13548,27096
4518,13554,27108
4520,13560,27120
4522,13566,27132
4524,13572,27144
4526,13578,27156
4528,13584,27168
4530,13590,27180
4532,13596,27192
4534,13602,27204
4536,13608,27216
4538,13614,27228
4540,13620,27240
4542,13626,27252
4544,13632,27264
4546,13638,27276
4548,13644,27288
4550,13650,27300
4552,13656,27312
4554,13662,27324
4556,13668,27336
4558,13674,27348
4560,13680,27360
4562,13686,27372
4564,13692,27384
4566,13698,27396
4568,13704,27408
4570,13710,27420
4572,13716,27432
4574,13722,27444
4576,13728,27456
4578,13734,27468
4580,13740,27480
4582,13746,27492
4584,13752,27504
4586,13758,27516
4588,13764,27528
4590,13770,27540
4592,13776,27552
4594,13782,27564
4596,13788,27576
4598,13794,27588
4600,13800,27600
4602,13806,27612
4604,13812,27624
4606,13818,27636
4608,13824,27648
4610,13830,27660
4612,13836,27672
4614,13842,27684
4616,13848,27696
4618,13854,27708
4620,13860,27720
4622,13866,27732
4624,13872,27744
4626,13878,27756
4628,13884,27768
4630,13890,27780
4632,13896,27792
4634,13902,27804
4636,13908,27816
4638,13914,27828
4640,13920,27840
4642,13926,27852
4644,13932,27864
4646,13938,27876
4648,13944,27888
4650,13950,27900
4652,13956,27912
4654,13962,27924
4656,13968,27936
4658,13974,27948
4660,13980,27960
4662,13986,27972
4664,13992,27984
4666,13998,27996
4668,14004,28008
4670,14010,28020
4672,14016,28032
4674,14022,28044
4676,14028,28056
4678,14034,28068
4680,14040,28080
4682,14046,28092
4684,14052,28104
4686,14058,28116
4688,14064,28128
4690,14070,28140
4692,14076,28152
4694,14082,28164
4696,14088,28176
4698,14094,28188
4700,14100,28200
4702,14106,28212
4704,14112,28224
4706,14118,28236
4708,14124,28248
4710,14130,28260
4712,14136,28272
4714,14142,28284
4716,14148,28296
4718,14154,28308
4720,14160,28320
4722,14166,28332
4724,14172,28344
4726,14178,28356
4728,14184,28368
4730,14190,28380
4732,14196,28392
4734,14202,28404
4736,14208,28416
4738,14214,28428
4740,14220,28440
4742,14226,28452
4744,14232,28464
4746,14238,28476
4748,14244,28488
4750,14250,28500
4752,14256,28512
4754,14262,28524
4756,14268,28536
4758,14274,28548
4760,14280,28560
4762,14286,28572
4764,14292,28584
4766,14298,28596
4768,14304,28608
4770,14310,28620
4772,14316,28632
4774,14322,28644
4776,14328,28656
4778,14334,28668
4780,14340,28680
4782,14346,28692
4784,14352,28704
4786,14358,28716
4788,14364,28728
4790,14370,28740
4792,14376,28752
4794,14382,28764
4796,14388,28776
4798,14394,28788
4800,14400,28800
4802,14406,28812
4804,14412,28824
4806,14418,28836
4808,14424,28848
4810,14430,28860
4812,14436,28872
4814,14442,28884
4816,14448,28896
4818,14454,28908
4820,14460,28920
4822,14466,28932
4824,14472,28944
4826,14478,28956
4828,14484,28968
4830,14490,28980
4832,14496,28992
4834,14502,29004
4836,14508,29016
4838,14514,29028
4840,14520,29040
4842,14526,29052
4844,14532,29064
4846,14538,29076
4848,14544,29088
4850,14550,29100
4852,14556,29112
4854,14562,29124
4856,14568,29136
4858,14574,29148
4860,14580,29160
4862,14586,29172
4864,14592,29184
4866,14598,29196
4868,14604,29208
4870,14610,29220
4872,14616,29232
4874,14622,29244
4876,14628,29256
4878,14634,29268
4880,14640,29280
4882,14646,29292
4884,14652,29304
4886,14658,29316
4888,14664,29328
4890,14670,29340
4892,14676,29352
4894,14682,29364
4896,14688,29376
4898,14694,29388
4900,14700,29400
4902,14706,29412
4904,14712,29424
4906,14718,29436
4908,14724,29448
4910,14730,29460
4912,14736,29472
4914,14742,29484
4916,14748,29496
4918,14754,29508
4920,14760,29520
4922,14766,29532
4924,14772,29544
4926,14778,29556
4928,14784,29568
4930,14790,29580
4932,14796,29592
4934,14802,29604
4936,14808,29616
4938,14814,29628
4940,14820,29640
4942,14826,29652
4944,14832,29664
4946,14838,29676
4948,14844,29688
4950,14850,29700
4952,14856,29712
4954,14862,29724
4956,14868,29736
4958,14874,29748
4960,14880,29760
4962,14886,29772
4964,14892,29784
4966,14898,29796
4968,14904,29808
4970,14910,29820
4972,14916,29832
4974,14922,29844
4976,14928,29856
4978,14934,29868
4980,14940,29880
4982,14946,29892
4984,14952,29904
4986,14958,29916
4988,14964,29928
4990,14970,29940
4992,14976,29952
4994,14982,29964
4996,14988,29976
4998,14994,29988
5000,15000,30000
5002,15006,30012
5004,15012,30024
5006,15018,30036
5008,15024,30048
5010,15030,30060
5012,15036,30072
5014,15042,30084
5016,15048,30096
5018,15054,30108
5020,15060,30120
5022,15066,30132
5024,15072,30144
5026,15078,30156
5028,15084,30168
5030,15090,30180
5032,15096,30192
5034,15102,30204
5036,15108,30216
5038,15114,30228
5040,15120,30240
5042,15126,30252
5044,15132,30264
5046,15138,30276
5048,15144,30288
5050,15150,30300
5052,15156,30312
5054,15162,30324
5056,15168,30336
5058,15174,30348
5060,15180,30360
5062,15186,30372
5064,15192,30384
5066,15198,30396
5068,15204,30408
5070,15210,30420
5072,15216,30432
5074,15222,30444
5076,15228,30456
5078,15234,30468
5080,15240,30480
5082,15246,30492
5084,15252,30504
5086,15258,30516
5088,15264,30528
5090,15270,30540
5092,15276,30552
5094,15282,30564
5096,15288,30576
5098,15294,30588
5100,15300,30600
5102,15306,30612
5104,15312,30624
5106,15318,30636
5108,15324,30648
5110,15330,30660
5112,15336,30672
5114,15342,30684
5116,15348,30696
5118,15354,30708
5120,15360,30720
5122,15366,30732
5124,15372,30744
5126,15378,30756
5128,15384,30768
5130,15390,30780
5132,15396,30792
5134,15402,30804
5136,15408,30816
5138,15414,30828
5140,15420,30840
5142,15426,30852
5144,15432,30864
5146,15438,30876
5148,15444,30888
5150,15450,30900
5152,15456,30912
5154,15462,30924
5156,15468,30936
5158,15474,30948
5160,15480,30960
5162,15486,30972
5164,15492,30984
5166,15498,30996
5168,15504,31008
5170,15510,31020
5172,15516,31032
5174,15522,31044
5176,15528,31056
5178,15534,31068
5180,15540,31080
5182,15546,31092
5184,15552,31104
5186,15558,31116
5188,15564,31128
5190,15570,31140
5192,15576,31152
5194,15582,31164
5196,15588,31176
5198,15594,31188
5200,15600,31200
5202,15606,31212
5204,15612,31224
5206,15618,31236
5208,15624,31248
5210,15630,31260
5212,15636,31272
5214,15642,31284
5216,15648,31296
5218,15654,31308
5220,15660,31320
5222,15666,31332
5224,15672,31344
5226,15678,31356
5228,15684,31368
5230,15690,31380
5232,15696,31392
5234,15702,31404
5236,15708,31416
5238,15714,31428
5240,15720,31440
5242,15726,31452
5244,15732,31464
5246,15738,31476
5248,15744,31488
5250,15750,31500
5252,15756,31512
5254,15762,31524
5256,15768,31536
5258,15774,31548
5260,15780,31560
5262,15786,31572
5264,15792,31584
5266,15798,31596
5268,15804,31608
5270,15810,31620
5272,15816,31632
5274,15822,31644
5276,15828,31656
5278,15834,31668
5280,15840,31680
5282,15846,31692
5284,15852,31704
5286,15858,31716
5288,15864,31728
5290,15870,31740
5292,15876,31752
5294,15882,31764
5296,15888,31776
5298,15894,31788
5300,15900,31800
5302,15906,31812
5304,15912,31824
5306,15918,31836
5308,15924,31848
5310,15930,31860
5312,15936,31872
5314,15942,31884
5316,15948,31896
5318,15954,31908
5320,15960,31920
5322,15966,31932
5324,15972,31944
5326,15978,31956
5328,15984,31968
5330,15990,31980
5332,15996,31992
5334,16002,32004
5336,16008,32016
5338,16014,32028
5340,16020,32040
5342,16026,32052
5344,16032,32064
5346,16038,32076
5348,16044,32088
5350,16050,32100
5352,16056,32112
5354,16062,32124
5356,16068,32136
5358,16074,32148
5360,16080,32160
5362,16086,32172
5364,16092,32184
5366,16098,32196
5368,16104,32208
5370,16110,32220
5372,16116,32232
5374,16122,32244
5376,16128,32256
5378,16134,32268
5380,16140,32280
5382,16146,32292
5384,16152,32304
5386,16158,32316
5388,16164,32328
5390,16170,32340
5392,16176,32352
5394,16182,32364
5396,16188,32376
5398,16194,32388
5400,16200,32400
5402,16206,32412
5404,16212,32424
5406,16218,32436
5408,16224,32448
5410,16230,32460
5412,16236,32472
5414,16242,32484
5416,16248,32496
5418,16254,32508
5420,16260,32520
5422,16266,32532
5424,16272,32544
5426,16278,32556
5428,16284,32568
5430,16290,32580
5432,16296,32592
5434,16302,32604
5436,16308,32616
5438,16314,32628
5440,16320,32640
5442,16326,32652
5444,16332,32664
5446,16338,32676
5448,16344,32688
5450,16350,32700
5452,16356,32712
5454,16362,32724
5456,16368,32736
5458,16374,32748
5460,16380,32760
5462,16386,32772
5464,16392,32784
5466,16398,32796
5468,16404,32808
5470,16410,32820
5472,16416,32832
5474,16422,32844
5476,16428,32856
5478,16434,32868
5480,16440,32880
5482,16446,32892
5484,16452,32904
5486,16458,32916
5488,16464,32928
5490,16470,32940
5492,16476,32952
5494,16482,32964
5496,16488,32976
5498,16494,32988
5500,16500,33000
5502,16506,33012
5504,16512,33024
5506,16518,33036
5508,16524,33048
5510,16530,33060
5512,16536,33072
5514,16542,33084
5516,16548,33096
5518,16554,33108
5520,16560,33120
5522,16566,33132
5524,16572,33144
5526,16578,33156
5528,16584,33168
5530,16590,33180
5532,16596,33192
5534,16602,33204
5536,16608,33216
5538,16614,33228
5540,16620,33240
5542,16626,33252
5544,16632,33264
5546,16638,33276
5548,16644,33288
5550,16650,33300
5552,16656,33312
5554,16662,33324
5556,16668,33336
5558,16674,33348
5560,16680,33360
5562,16686,33372
5564,16692,33384
5566,16698,33396
5568,16704,33408
5570,16710,33420
5572,16716,33432
5574,16722,33444
5576,16728,33456
5578,16734,33468
5580,16740,33480
5582,16746,33492
5584,16752,33504
5586,16758,33516
5588,16764,33528
5590,16770,33540
5592,16776,33552
5594,16782,33564
5596,16788,33576
5598,16794,33588
5600,16800,33600
5602,16806,33612
5604,16812,33624
5606,16818,33636
5608,16824,33648
5610,16830,33660
5612,16836,33672
5614,16842,33684
5616,16848,33696
5618,16854,33708
5620,16860,33720
5622,16866,33732
5624,16872,33744
5626,16878,33756
5628,16884,33768
5630,16890,33780
5632,16896,33792
5634,16902,33804
5636,16908,33816
5638,16914,33828
5640,16920,33840
5642,16926,33852
5644,16932,33864
5646,16938,33876
5648,16944,33888
5650,16950,33900
5652,16956,33912
5654,16962,33924
5656,16968,33936
5658,16974,33948
5660,16980,33960
5662,16986,33972
5664,16992,33984
5666,16998,33996
5668,17004,34008
5670,17010,34020
5672,17016,34032
5674,17022,34044
5676,17028,34056
5678,17034,34068
5680,17040,34080
5682,17046,34092
5684,17052,34104
5686,17058,34116
5688,17064,34128
5690,17070,34140
5692,17076,34152
5694,17082,34164
5696,17088,34176
5698,17094,34188
5700,17100,34200
5702,17106,34212
5704,17112,34224
5706,17118,34236
5708,17124,34248
5710,17130,34260
5712,17136,34272
5714,17142,34284
5716,17148,34296
5718,17154,34308
5720,17160,34320
5722,17166,34332
5724,17172,34344
5726,17178,34356
5728,17184,34368
5730,17190,34380
5732,17196,34392
5734,17202,34404
5736,17208,34416
5738,17214,34428
5740,17220,34440
5742,17226,34452
5744,17232,34464
5746,17238,34476
5748,17244,34488
5750,17250,34500
5752,17256,34512
5754,17262,34524
5756,17268,34536
5758,17274,34548
5760,17280,34560
5762,17286,34572
5764,17292,34584
5766,17298,34596
5768,17304,34608
5770,17310,34620
5772,17316,34632
5774,17322,34644
5776,17328,34656
5778,17334,34668
5780,17340,34680
5782,17346,34692
5784,17352,34704
5786,17358,34716
5788,17364,34728
5790,17370,34740
5792,17376,34752
5794,17382,34764
5796,17388,34776
5798,17394,34788
5800,17400,34800
5802,17406,34812
5804,17412,34824
5806,17418,34836
5808,17424,34848
5810,17430,34860
5812,17436,34872
5814,17442,34884
5816,17448,34896
5818,17454,34908
5820,17460,34920
5822,17466,34932
5824,17472,34944
5826,17478,34956
5828,17484,34968
5830,17490,34980
5832,17496,34992
5834,17502,35004
5836,17508,35016
5838,17514,35028
5840,17520,35040
5842,17526,35052
5844,17532,35064
5846,17538,35076
5848,17544,35088
5850,17550,35100
5852,17556,35112
5854,17562,35124
5856,17568,35136
5858,17574,35148
5860,17580,35160
5862,17586,35172
5864,17592,35184
5866,17598,35196
5868,17604,35208
5870,17610,35220
5872,17616,35232
5874,17622,35244
5876,17628,35256
5878,17634,35268
5880,17640,35280
5882,17646,35292
5884,17652,35304
5886,17658,35316
5888,17664,35328
5890,17670,35340
5892,17676,35352
5894,17682,35364
5896,17688,35376
5898,17694,35388
5900,17700,35400
5902,17706,35412
5904,17712,35424
5906,17718,35436
5908,17724,35448
5910,17730,35460
5912,17736,35472
5914,17742,35484
5916,17748,35496
5918,17754,35508
5920,17760,35520
5922,17766,35532
5924,17772,35544
5926,17778,35556
5928,17784,35568
5930,17790,35580
5932,17796,35592
5934,17802,35604
5936,17808,35616
5938,17814,35628
5940,17820,35640
5942,17826,35652
5944,17832,35664
5946,17838,35676
5948,17844,35688
5950,17850,35700
5952,17856,35712
5954,17862,35724
5956,17868,35736
5958,17874,35748
5960,17880,35760
5962,17886,35772
5964,17892,35784
5966,17898,35796
5968,17904,35808
5970,17910,35820
5972,17916,35832
5974,17922,35844
5976,17928,35856
5978,17934,35868
5980,17940,35880
5982,17946,35892
5984,17952,35904
5986,17958,35916
5988,17964,35928
5990,17970,35940
5992,17976,35952
5994,17982,35964
5996,17988,35976
5998,17994,35988
6000,18000,36000
6002,18006,36012
6004,18012,36024
6006,18018,36036
6008,18024,36048
6010,18030,36060
6012,18036,36072
6014,18042,36084
6016,18048,36096
6018,18054,36108
6020,18060,36120
6022,18066,36132
6024,18072,36144
6026,18078,36156
6028,18084,36168
6030,18090,36180
6032,18096,36192
6034,18102,36204
6036,18108,36216
6038,18114,36228
6040,18120,36240
6042,18126,36252
6044,18132,36264
6046,18138,36276
6048,18144,36288
6050,18150,36300
6052,18156,36312
6054,18162,36324
6056,18168,36336
6058,18174,36348
6060,18180,36360
6062,18186,36372
6064,18192,36384
6066,18198,36396
6068,18204,36408
6070,18210,36420
6072,18216,36432
6074,18222,36444
6076,18228,36456
6078,18234,36468
6080,18240,36480
6082,18246,36492
6084,18252,36504
6086,18258,36516
6088,18264,36528
6090,18270,36540
6092,18276,36552
6094,18282,36564
6096,18288,36576
6098,18294,36588
6100,18300,36600
6102,18306,36612
6104,18312,36624
6106,18318,36636
6108,18324,36648
6110,18330,36660
6112,18336,36672
6114,18342,36684
6116,18348,36696
6118,18354,36708
6120,18360,36720
6122,18366,36732
6124,18372,36744
6126,18378,36756
6128,18384,36768
6130,18390,36780
6132,18396,36792
6134,18402,36804
6136,18408,36816
6138,18414,36828
6140,18420,36840
6142,18426,36852
6144,18432,36864
6146,18438,36876
6148,18444,36888
6150,18450,36900
6152,18456,36912
6154,18462,36924
6156,18468,36936
6158,18474,36948
6160,18480,36960
6162,18486,36972
6164,18492,36984
6166,18498,36996
6168,18504,37008
6170,18510,37020
6172,18516,37032
6174,18522,37044
6176,18528,37056
6178,18534,37068
6180,18540,37080
6182,18546,37092
6184,18552,37104
6186,18558,37116
6188,18564,37128
6190,18570,37140
6192,18576,37152
6194,18582,37164
6196,18588,37176
6198,18594,37188
6200,18600,37200
6202,18606,37212
6204,18612,37224
6206,18618,37236
6208,18624,37248
6210,18630,37260
6212,18636,37272
6214,18642,37284
6216,18648,37296
6218,18654,37308
6220,18660,37320
6222,18666,37332
6224,18672,37344
6226,18678,37356
6228,18684,37368
6230,18690,37380
6232,18696,37392
6234,18702,37404
6236,18708,37416
6238,18714,37428
6240,18720,37440
6242,18726,37452
6244,18732,37464
6246,18738,37476
6248,18744,37488
6250,18750,37500
6252,18756,37512
6254,18762,37524
6256,18768,37536
6258,18774,37548
6260,18780,37560
6262,18786,37572
6264,18792,37584
6266,18798,37596
6268,18804,37608
6270,18810,37620
6272,18816,37632
6274,18822,37644
6276,18828,37656
6278,18834,37668
6280,18840,37680
6282,18846,37692
6284,18852,37704
6286,18858,37716
6288,18864,37728
6290,18870,37740
6292,18876,37752
6294,18882,37764
6296,18888,37776
6298,18894,37788
6300,18900,37800
6302,18906,37812
6304,18912,37824
6306,18918,37836
6308,18924,37848
6310,18930,37860
6312,18936,37872
6314,18942,37884
6316,18948,37896
6318,18954,37908
6320,18960,37920
6322,18966,37932
6324,18972,37944
6326,18978,37956
6328,18984,37968
6330,18990,37980
6332,18996,37992
6334,19002,38004
6336,19008,38016
6338,19014,38028
6340,19020,38040
6342,19026,38052
6344,19032,38064
6346,19038,38076
6348,19044,38088
6350,19050,38100
6352,19056,38112
6354,19062,38124
6356,19068,38136
6358,19074,38148
6360,19080,38160
6362,19086,38172
6364,19092,38184
6366,19098,38196
6368,19104,38208
6370,19110,38220
6372,19116,38232
6374,19122,38244
6376,19128,38256
6378,19134,38268
6380,19140,38280
6382,19146,38292
6384,19152,38304
6386,19158,38316
6388,19164,38328
6390,19170,38340
6392,19176,38352
6394,19182,38364
6396,19188,38376
6398,19194,38388
6400,19200,38400
6402,19206,38412
6404,19212,38424
6406,19218,38436
6408,19224,38448
6410,19230,38460
6412,19236,38472
6414,19242,38484
6416,19248,38496
6418,19254,38508
6420,19260,38520
6422,19266,38532
6424,19272,38544
6426,19278,38556
6428,19284,38568
6430,19290,38580
6432,19296,38592
6434,19302,38604
6436,19308,38616
6438,19314,38628
6440,19320,38640
6442,19326,38652
6444,19332,38664
6446,19338,38676
6448,19344,38688
6450,19350,38700
6452,19356,38712
6454,19362,38724
6456,19368,38736
6458,19374,38748
6460,19380,38760
6462,19386,38772
6464,19392,38784
6466,19398,38796
6468,19404,38808
6470,19410,38820
6472,19416,38832
6474,19422,38844
6476,19428,38856
6478,19434,38868
6480,19440,38880
6482,19446,38892
6484,19452,38904
6486,19458,38916
6488,19464,38928
6490,19470,38940
6492,19476,38952
6494,19482,38964
6496,19488,38976
6498,19494,38988
6500,19500,39000
6502,19506,39012
6504,19512,39024
6506,19518,39036
6508,19524,39048
6510,19530,39060
6512,19536,39072
6514,19542,39084
6516,19548,39096
6518,19554,39108
6520,19560,39120
6522,19566,39132
6524,19572,39144
6526,19578,39156
6528,19584,39168
6530,19590,39180
6532,19596,39192
6534,19602,39204
6536,19608,39216
6538,19614,39228
6540,19620,39240
6542,19626,39252
6544,19632,39264
6546,19638,39276
6548,19644,39288
6550,19650,39300
6552,19656,39312
6554,19662,39324
6556,19668,39336
6558,19674,39348
6560,19680,39360
6562,19686,39372
6564,19692,39384
6566,19698,39396
6568,19704,39408
6570,19710,39420
6572,19716,39432
6574,19722,39444
6576,19728,39456
6578,19734,39468
6580,19740,39480
6582,19746,39492
6584,19752,39504
6586,19758,39516
6588,19764,39528
6590,19770,39540
6592,19776,39552
6594,19782,39564
6596,19788,39576
6598,19794,39588
6600,19800,39600
6602,19806,39612
6604,19812,39624
6606,19818,39636
6608,19824,39648
6610,19830,39660
6612,19836,39672
6614,19842,39684
6616,19848,39696
6618,19854,39708
6620,19860,39720
6622,19866,39732
6624,19872,39744
6626,19878,39756
6628,19884,39768
6630,19890,39780
6632,19896,39792
6634,19902,39804
6636,19908,39816
6638,19914,39828
6640,19920,39840
6642,19926,39852
6644,19932,39864
6646,19938,39876
6648,19944,39888
6650,19950,39900
6652,19956,39912
6654,19962,39924
6656,19968,39936
6658,19974,39948
6660,19980,39960
6662,19986,39972
6664,19992,39984
6666,19998,39996
6668,20004,40008
6670,20010,40020
6672,20016,40032
6674,20022,40044
6676,20028,40056
6678,20034,40068
6680,20040,40080
6682,20046,40092
6684,20052,40104
6686,20058,40116
6688,20064,40128
6690,20070,40140
6692,20076,40152
6694,20082,40164
6696,20088,40176
6698,20094,40188
6700,20100,40200
6702,20106,40212
6704,20112,40224
6706,20118,40236
6708,20124,40248
6710,20130,40260
6712,20136,40272
6714,20142,40284
6716,20148,40296
6718,20154,40308
6720,20160,40320
6722,20166,40332
6724,20172,40344
6726,20178,40356
6728,20184,40368
6730,20190,40380
6732,20196,40392
6734,20202,40404
6736,20208,40416
6738,20214,40428
6740,20220,40440
6742,20226,40452
6744,20232,40464
6746,20238,40476
6748,20244,40488
6750,20250,40500
6752,20256,40512
6754,20262,40524
6756,20268,40536
6758,20274,40548
6760,20280,40560
6762,20286,40572
6764,20292,40584
6766,20298,40596
6768,20304,40608
6770,20310,40620
6772,20316,40632
6774,20322,40644
6776,20328,40656
6778,20334,40668
6780,20340,40680
6782,20346,40692
6784,20352,40704
6786,20358,40716
6788,20364,40728
6790,20370,40740
6792,20376,40752
6794,20382,40764
6796,20388,40776
6798,20394,40788
6800,20400,40800
6802,20406,40812
6804,20412,40824
6806,20418,40836
6808,20424,40848
6810,20430,40860
6812,20436,40872
6814,20442,40884
6816,20448,40896
6818,20454,40908
6820,20460,40920
6822,20466,40932
6824,20472,40944
6826,20478,40956
6828,20484,40968
6830,20490,40980
6832,20496,40992
6834,20502,41004
6836,20508,41016
6838,20514,41028
6840,20520,41040
6842,20526,41052
6844,20532,41064
6846,20538,41076
6848,20544,41088
6850,20550,41100
6852,20556,41112
6854,20562,41124
6856,20568,41136
6858,20574,41148
6860,20580,41160
6862,20586,41172
6864,20592,41184
6866,20598,41196
6868,20604,41208
6870,20610,41220
6872,20616,41232
6874,20622,41244
6876,20628,41256
6878,20634,41268
6880,20640,41280
6882,20646,41292
6884,20652,41304
6886,20658,41316
6888,20664,41328
6890,20670,41340
6892,20676,41352
6894,20682,41364
6896,20688,41376
6898,20694,41388
6900,20700,41400
6902,20706,41412
6904,20712,41424
6906,20718,41436
6908,20724,41448
6910,20730,41460
6912,20736,41472
6914,20742,41484
6916,20748,41496
6918,20754,41508
6920,20760,41520
6922,20766,41532
6924,20772,41544
6926,20778,41556
6928,20784,41568
6930,20790,41580
6932,20796,41592
6934,20802,41604
6936,20808,41616
6938,20814,41628
6940,20820,41640
6942,20826,41652
6944,20832,41664
6946,20838,41676
6948,20844,41688
6950,20850,41700
6952,20856,41712
6954,20862,41724
6956,20868,41736
6958,20874,41748
6960,20880,41760
6962,20886,41772
6964,20892,41784
6966,20898,41796
6968,20904,41808
6970,20910,41820
6972,20916,41832
6974,20922,41844
6976,20928,41856
6978,20934,41868
6980,20940,41880
6982,20946,41892
6984,20952,41904
6986,20958,41916
6988,20964,41928
6990,20970,41940
6992,20976,41952
6994,20982,41964
6996,20988,41976
6998,20994,41988
7000,21000,42000
7002,21006,42012
7004,21012,42024
7006,21018,42036
7008,21024,42048
7010,21030,42060
7012,21036,42072
7014,21042,42084
7016,21048,42096
7018,21054,42108
7020,21060,42120
7022,21066,42132
7024,21072,42144
7026,21078,42156
7028,21084,42168
7030,21090,42180
7032,21096,42192
7034,21102,42204
7036,21108,42216
7038,21114,42228
7040,21120,42240
7042,21126,42252
7044,21132,42264
7046,21138,42276
7048,21144,42288
7050,21150,42300
7052,21156,42312
7054,21162,42324
7056,21168,42336
7058,21174,42348
7060,21180,42360
7062,21186,42372
7064,21192,42384
7066,21198,42396
7068,21204,42408
7070,21210,42420
7072,21216,42432
7074,21222,42444
7076,21228,42456
7078,21234,42468
7080,21240,42480
7082,21246,42492
7084,21252,42504
7086,21258,42516
7088,21264,42528
7090,21270,42540
7092,21276,42552
7094,21282,42564
7096,21288,42576
7098,21294,42588
7100,21300,42600
7102,21306,42612
7104,21312,42624
7106,21318,42636
7108,21324,42648
7110,21330,42660
7112,21336,42672
7114,21342,42684
7116,21348,42696
7118,21354,42708
7120,21360,42720
7122,21366,42732
7124,21372,42744
7126,21378,42756
7128,21384,42768
7130,21390,42780
7132,21396,42792
7134,21402,42804
7136,21408,42816
7138,21414,42828
7140,21420,42840
7142,21426,42852
7144,21432,42864
7146,21438,42876
7148,21444,42888
7150,21450,42900
7152,21456,42912
7154,21462,42924
7156,21468,42936
7158,21474,42948
7160,21480,42960
7162,21486,42972
7164,21492,42984
7166,21498,42996
7168,21504,43008
7170,21510,43020
7172,21516,43032
7174,21522,43044
7176,21528,43056
7178,21534,43068
7180,21540,43080
7182,21546,43092
7184,21552,43104
7186,21558,43116
7188,21564,43128
7190,21570,43140
7192,21576,43152
7194,21582,43164
7196,21588,43176
7198,21594,43188
7200,21600,43200
7202,21606,43212
7204,21612,43224
7206,21618,43236
7208,21624,43248
7210,21630,43260
7212,21636,43272
7214,21642,43284
7216,21648,43296
7218,21654,43308
7220,21660,43320
7222,21666,43332
7224,21672,43344
7226,21678,43356
7228,21684,43368
7230,21690,43380
7232,21696,43392
7234,21702,43404
7236,21708,43416
7238,21714,43428
7240,21720,43440
7242,21726,43452
7244,21732,43464
7246,21738,43476
7248,21744,43488
7250,21750,43500
7252,21756,43512
7254,21762,43524
7256,21768,43536
7258,21774,43548
7260,21780,43560
7262,21786,43572
7264,21792,43584
7266,21798,43596
7268,21804,43608
7270,21810,43620
7272,21816,43632
7274,21822,43644
7276,21828,43656
7278,21834,43668
7280,21840,43680
7282,21846,43692
7284,21852,43704
7286,21858,43716
7288,21864,43728
7290,21870,43740
7292,21876,43752
7294,21882,43764
7296,21888,43776
7298,21894,43788
7300,21900,43800
7302,21906,43812
7304,21912,43824
7306,21918,43836
7308,21924,43848
7310,21930,43860
7312,21936,43872
7314,21942,43884
7316,21948,43896
7318,21954,43908
7320,21960,43920
7322,21966,43932
7324,21972,43944
7326,21978,43956
7328,21984,43968
7330,21990,43980
7332,21996,43992
7334,22002,44004
7336,22008,44016
7338,22014,44028
7340,22020,44040
7342,22026,44052
7344,22032,44064
7346,22038,44076
7348,22044,44088
7350,22050,44100
7352,22056,44112
7354,22062,44124
7356,22068,44136
7358,22074,44148
7360,22080,44160
7362,22086,44172
7364,22092,44184
7366,22098,44196
7368,22104,44208
7370,22110,44220
7372,22116,44232
7374,22122,44244
7376,22128,44256
7378,22134,44268
7380,22140,44280
7382,22146,44292
7384,22152,44304
7386,22158,44316
7388,22164,44328
7390,22170,44340
7392,22176,44352
7394,22182,44364
7396,22188,44376
7398,22194,44388
7400,22200,44400
7402,22206,44412
7404,22212,44424
7406,22218,44436
7408,22224,44448
7410,22230,44460
7412,22236,44472
7414,22242,44484
7416,22248,44496
7418,22254,44508
7420,22260,44520
7422,22266,44532
7424,22272,44544
7426,22278,44556
7428,22284,44568
7430,22290,44580
7432,22296,44592
7434,22302,44604
7436,22308,44616
7438,22314,44628
7440,22320,44640
7442,22326,44652
7444,22332,44664
7446,22338,44676
7448,22344,44688
7450,22350,44700
7452,22356,44712
7454,22362,44724
7456,22368,44736
7458,22374,44748
7460,22380,44760
7462,22386,44772
7464,22392,44784
7466,22398,44796
7468,22404,44808
7470,22410,44820
7472,22416,44832
7474,22422,44844
7476,22428,44856
7478,22434,44868
7480,22440,44880
7482,22446,44892
7484,22452,44904
7486,22458,44916
7488,22464,44928
7490,22470,44940
7492,22476,44952
7494,22482,44964
7496,22488,44976
7498,22494,44988
7500,22500,45000
7502,22506,45012
7504,22512,45024
7506,22518,45036
7508,22524,45048
7510,22530,45060
7512,22536,45072
7514,22542,45084
7516,22548,45096
7518,22554,45108
7520,22560,45120
7522,22566,45132
7524,22572,45144
7526,22578,45156
7528,22584,45168
7530,22590,45180
7532,22596,45192
7534,22602,45204
7536,22608,45216
7538,22614,45228
7540,22620,45240
7542,22626,45252
7544,22632,45264
7546,22638,45276
7548,22644,45288
7550,22650,45300
7552,22656,45312
7554,22662,45324
7556,22668,45336
7558,22674,45348
7560,22680,45360
7562,22686,45372
7564,22692,45384
7566,22698,45396
7568,22704,45408
7570,22710,45420
7572,22716,45432
7574,22722,45444
7576,22728,45456
7578,22734,45468
7580,22740,45480
7582,22746,45492
7584,22752,45504
7586,22758,45516
7588,22764,45528
7590,22770,45540
7592,22776,45552
7594,22782,45564
7596,22788,45576
7598,22794,45588
7600,22800,45600
7602,22806,45612
7604,22812,45624
7606,22818,45636
7608,22824,45648
7610,22830,45660
7612,22836,45672
7614,22842,45684
7616,22848,45696
7618,22854,45708
7620,22860,45720
7622,22866,45732
7624,22872,45744
7626,22878,45756
7628,22884,45768
7630,22890,45780
7632,22896,45792
7634,22902,45804
7636,22908,45816
7638,22914,45828
7640,22920,45840
7642,22926,45852
7644,22932,45864
7646,22938,45876
7648,22944,45888
7650,22950,45900
7652,22956,45912
7654,22962,45924
7656,22968,45936
7658,22974,45948
7660,22980,45960
7662,22986,45972
7664,22992,45984
7666,22998,45996
7668,23004,46008
7670,23010,46020
7672,23016,46032
7674,23022,46044
7676,23028,46056
7678,23034,46068
7680,23040,46080
7682,23046,46092
7684,23052,46104
7686,23058,46116
7688,23064,46128
7690,23070,46140
7692,23076,46152
7694,23082,46164
7696,23088,46176
7698,23094,46188
7700,23100,46200
7702,23106,46212
7704,23112,46224
7706,23118,46236
7708,23124,46248
7710,23130,46260
7712,23136,46272
7714,23142,46284
7716,23148,46296
7718,23154,46308
7720,23160,46320
7722,23166,46332
7724,23172,46344
7726,23178,46356
7728,23184,46368
7730,23190,46380
7732,23196,46392
7734,23202,46404
7736,23208,46416
7738,23214,46428
7740,23220,46440
7742,23226,46452
7744,23232,46464
7746,23238,46476
7748,23244,46488
7750,23250,46500
7752,23256,46512
7754,23262,46524
7756,23268,46536
7758,23274,46548
7760,23280,46560
7762,23286,46572
7764,23292,46584
7766,23298,46596
7768,23304,46608
7770,23310,46620
7772,23316,46632
7774,23322,46644
7776,23328,46656
7778,23334,46668
7780,23340,46680
7782,23346,46692
7784,23352,46704
7786,23358,46716
7788,23364,46728
7790,23370,46740
7792,23376,46752
7794,23382,46764
7796,23388,46776
7798,23394,46788
7800,23400,46800
7802,23406,46812
7804,23412,46824
7806,23418,46836
7808,23424,46848
7810,23430,46860
7812,23436,46872
7814,23442,46884
7816,23448,46896
7818,23454,46908
7820,23460,46920
7822,23466,46932
7824,23472,46944
7826,23478,46956
7828,23484,46968
7830,23490,46980
7832,23496,46992
7834,23502,47004
7836,23508,47016
7838,23514,47028
7840,23520,47040
7842,23526,47052
7844,23532,47064
7846,23538,47076
7848,23544,47088
7850,23550,47100
7852,23556,47112
7854,23562,47124
7856,23568,47136
7858,23574,47148
7860,23580,47160
7862,23586,47172
7864,23592,47184
7866,23598,47196
7868,23604,47208
7870,23610,47220
7872,23616,47232
7874,23622,47244
7876,23628,47256
7878,23634,47268
7880,23640,47280
7882,23646,47292
7884,23652,47304
7886,23658,47316
7888,23664,47328
7890,23670,47340
7892,23676,47352
7894,23682,47364
7896,23688,47376
7898,23694,47388
7900,23700,47400
7902,23706,47412
7904,23712,47424
7906,23718,47436
7908,23724,47448
7910,23730,47460
7912,23736,47472
7914,23742,47484
7916,23748,47496
7918,23754,47508
7920,23760,47520
7922,23766,47532
7924,23772,47544
7926,23778,47556
7928,23784,47568
7930,23790,47580
7932,23796,47592
7934,23802,47604
7936,23808,47616
7938,23814,47628
7940,23820,47640
7942,23826,47652
7944,23832,47664
7946,23838,47676
7948,23844,47688
7950,23850,47700
7952,23856,47712
7954,23862,47724
7956,23868,47736
7958,23874,47748
7960,23880,47760
7962,23886,47772
7964,23892,47784
7966,23898,47796
7968,23904,47808
7970,23910,47820
7972,23916,47832
7974,23922,47844
7976,23928,47856
7978,23934,47868
7980,23940,47880
7982,23946,47892
7984,23952,47904
7986,23958,47916
7988,23964,47928
7990,23970,47940
7992,23976,47952
7994,23982,47964
7996,23988,47976
7998,23994,47988
8000,24000,48000
8002,24006,48012
8004,24012,48024
8006,24018,48036
8008,24024,48048
8010,24030,48060
8012,24036,48072
8014,24042,48084
8016,24048,48096
8018,24054,48108
8020,24060,48120
8022,24066,48132
8024,24072,48144
8026,24078,48156
8028,24084,48168
8030,24090,48180
8032,24096,48192
8034,24102,48204
8036,24108,48216
8038,24114,48228
8040,24120,48240
8042,24126,48252
8044,24132,48264
8046,24138,48276
8048,24144,48288
8050,24150,48300
8052,24156,48312
8054,24162,48324
8056,24168,48336
8058,24174,48348
8060,24180,48360
8062,24186,48372
8064,24192,48384
8066,24198,48396
8068,24204,48408
8070,24210,48420
8072,24216,48432
8074,24222,48444
8076,24228,48456
8078,24234,48468
8080,24240,48480
8082,24246,48492
8084,24252,48504
8086,24258,48516
8088,24264,48528
8090,24270,48540
8092,24276,48552
8094,24282,48564
8096,24288,48576
8098,24294,48588
8100,24300,48600
8102,24306,48612
8104,24312,48624
8106,24318,48636
8108,24324,48648
8110,24330,48660
8112,24336,48672
8114,24342,48684
8116,24348,48696
8118,24354,48708
8120,24360,48720
8122,24366,48732
8124,24372,48744
8126,24378,48756
8128,24384,48768
8130,24390,48780
8132,24396,48792
8134,24402,48804
8136,24408,48816
8138,24414,48828
8140,24420,48840
8142,24426,48852
8144,24432,48864
8146,24438,48876
8148,24444,48888
8150,24450,48900
8152,24456,48912
8154,24462,48924
8156,24468,48936
8158,24474,48948
8160,24480,48960
8162,24486,48972
8164,24492,48984
8166,24498,48996
8168,24504,49008
8170,24510,49020
8172,24516,49032
8174,24522,49044
8176,24528,49056
8178,24534,49068
8180,24540,49080
8182,24546,49092
8184,24552,49104
8186,24558,49116
8188,24564,49128
8190,24570,49140
8192,24576,49152
8194,24582,49164
8196,24588,49176
8198,24594,49188
8200,24600,49200
8202,24606,49212
8204,24612,49224
8206,24618,49236
8208,24624,49248
8210,24630,49260
8212,24636,49272
8214,24642,49284
8216,24648,49296
8218,24654,49308
8220,24660,49320
8222,24666,49332
8224,24672,49344
8226,24678,49356
8228,24684,49368
8230,24690,49380
8232,24696,49392
8234,24702,49404
8236,24708,49416
8238,24714,49428
8240,24720,49440
8242,24726,49452
8244,24732,49464
8246,24738,49476
8248,24744,49488
8250,24750,49500
8252,24756,49512
8254,24762,49524
8256,24768,49536
8258,24774,49548
8260,24780,49560
8262,24786,49572
8264,24792,49584
8266,24798,49596
8268,24804,49608
8270,24810,49620
8272,24816,49632
8274,24822,49644
8276,24828,49656
8278,24834,49668
8280,24840,49680
8282,24846,49692
8284,24852,49704
8286,24858,49716
8288,24864,49728
8290,24870,49740
8292,24876,49752
8294,24882,49764
8296,24888,49776
8298,24894,49788
8300,24900,49800
8302,24906,49812
8304,24912,49824
8306,24918,49836
8308,24924,49848
8310,24930,49860
8312,24936,49872
8314,24942,49884
8316,24948,49896
8318,24954,49908
8320,24960,49920
8322,24966,49932
8324,24972,49944
8326,24978,49956
8328,24984,49968
8330,24990,49980
8332,24996,49992
8334,25002,50004
8336,25008,50016
8338,25014,50028
8340,25020,50040
8342,25026,50052
8344,25032,50064
8346,25038,50076
8348,25044,50088
8350,25050,50100
8352,25056,50112
8354,25062,50124
8356,25068,50136
8358,25074,50148
8360,25080,50160
8362,25086,50172
8364,25092,50184
8366,25098,50196
8368,25104,50208
8370,25110,50220
8372,25116,50232
8374,25122,50244
8376,25128,50256
8378,25134,50268
8380,25140,50280
8382,25146,50292
8384,25152,50304
8386,25158,50316
8388,25164,50328
8390,25170,50340
8392,25176,50352
8394,25182,50364
8396,25188,50376
8398,25194,50388
8400,25200,50400
8402,25206,50412
8404,25212,50424
8406,25218,50436
8408,25224,50448
8410,25230,50460
8412,25236,50472
8414,25242,50484
8416,25248,50496
8418,25254,50508
8420,25260,50520
8422,25266,50532
8424,25272,50544
8426,25278,50556
8428,25284,50568
8430,25290,50580
8432,25296,50592
8434,25302,50604
8436,25308,50616
8438,25314,50628
8440,25320,50640
8442,25326,50652
8444,25332,50664
8446,25338,50676
8448,25344,50688
8450,25350,50700
8452,25356,50712
8454,25362,50724
8456,25368,50736
8458,25374,50748
8460,25380,50760
8462,25386,50772
8464,25392,50784
8466,25398,50796
8468,25404,50808
8470,25410,50820
8472,25416,50832
8474,25422,50844
8476,25428,50856
8478,25434,50868
8480,25440,50880
8482,25446,50892
8484,25452,50904
8486,25458,50916
8488,25464,50928
8490,25470,50940
8492,25476,50952
8494,25482,50964
8496,25488,50976
8498,25494,50988
8500,25500,51000
8502,25506,51012
8504,25512,51024
8506,25518,51036
8508,25524,51048
8510,25530,51060
8512,25536,51072
8514,25542,51084
8516,25548,51096
8518,25554,51108
8520,25560,51120
8522,25566,51132
8524,25572,51144
8526,25578,51156
8528,25584,51168
8530,25590,51180
8532,25596,51192
8534,25602,51204
8536,25608,51216
8538,25614,51228
8540,25620,51240
8542,25626,51252
8544,25632,51264
8546,25638,51276
8548,25644,51288
8550,25650,51300
8552,25656,51312
8554,25662,51324
8556,25668,51336
8558,25674,51348
8560,25680,51360
8562,25686,51372
8564,25692,51384
8566,25698,51396
8568,25704,51408
8570,25710,51420
8572,25716,51432
8574,25722,51444
8576,25728,51456
8578,25734,51468
8580,25740,51480
8582,25746,51492
8584,25752,51504
8586,25758,51516
8588,25764,51528
8590,25770,51540
8592,25776,51552
8594,25782,51564
8596,25788,51576
8598,25794,51588
8600,25800,51600
8602,25806,51612
8604,25812,51624
8606,25818,51636
8608,25824,51648
8610,25830,51660
8612,25836,51672
8614,25842,51684
8616,25848,51696
8618,25854,51708
8620,25860,51720
8622,25866,51732
8624,25872,51744
8626,25878,51756
8628,25884,51768
8630,25890,51780
8632,25896,51792
8634,25902,51804
8636,25908,51816
8638,25914,51828
8640,25920,51840
8642,25926,51852
8644,25932,51864
8646,25938,51876
8648,25944,51888
8650,25950,51900
8652,25956,51912
8654,25962,51924
8656,25968,51936
8658,25974,51948
8660,25980,51960
8662,25986,51972
8664,25992,51984
8666,25998,51996
8668,26004,52008
8670,26010,52020
8672,26016,52032
8674,26022,52044
8676,26028,52056
8678,26034,52068
8680,26040,52080
8682,26046,52092
8684,26052,52104
8686,26058,52116
8688,26064,52128
8690,26070,52140
8692,26076,52152
8694,26082,52164
8696,26088,52176
8698,26094,52188
8700,26100,52200
8702,26106,52212
8704,26112,52224
8706,26118,52236
8708,26124,52248
8710,26130,52260
8712,26136,52272
8714,26142,52284
8716,26148,52296
8718,26154,52308
8720,26160,52320
8722,26166,52332
8724,26172,52344
8726,26178,52356
8728,26184,52368
8730,26190,52380
8732,26196,52392
8734,26202,52404
8736,26208,52416
8738,26214,52428
8740,26220,52440
8742,26226,52452
8744,26232,52464
8746,26238,52476
8748,26244,52488
8750,26250,52500
8752,26256,52512
8754,26262,52524
8756,26268,52536
8758,26274,52548
8760,26280,52560
8762,26286,52572
8764,26292,52584
8766,26298,52596
8768,26304,52608
8770,26310,52620
8772,26316,52632
8774,26322,52644
8776,26328,52656
8778,26334,52668
8780,26340,52680
8782,26346,52692
8784,26352,52704
8786,26358,52716
8788,26364,52728
8790,26370,52740
8792,26376,52752
8794,26382,52764
8796,26388,52776
8798,26394,52788
8800,26400,52800
8802,26406,52812
8804,26412,52824
8806,26418,52836
8808,26424,52848
8810,26430,52860
8812,26436,52872
8814,26442,52884
8816,26448,52896
8818,26454,52908
8820,26460,52920
8822,26466,52932
8824,26472,52944
8826,26478,52956
8828,26484,52968
8830,26490,52980
8832,26496,52992
8834,26502,53004
8836,26508,53016
8838,26514,53028
8840,26520,53040
8842,26526,53052
8844,26532,53064
8846,26538,53076
8848,26544,53088
8850,26550,53100
8852,26556,53112
8854,26562,53124
8856,26568,53136
8858,26574,53148
8860,26580,53160
8862,26586,53172
8864,26592,53184
8866,26598,53196
8868,26604,53208
8870,26610,53220
8872,26616,53232
8874,26622,53244
8876,26628,53256
8878,26634,53268
8880,26640,53280
8882,26646,53292
8884,26652,53304
8886,26658,53316
8888,26664,53328
8890,26670,53340
8892,26676,53352
8894,26682,53364
8896,26688,53376
8898,26694,53388
8900,26700,53400
8902,26706,53412
8904,26712,53424
8906,26718,53436
8908,26724,53448
8910,26730,53460
8912,26736,53472
8914,26742,53484
8916,26748,53496
8918,26754,53508
8920,26760,53520
8922,26766,53532
8924,26772,53544
8926,26778,53556
8928,26784,53568
8930,26790,53580
8932,26796,53592
8934,26802,53604
8936,26808,53616
8938,26814,53628
8940,26820,53640
8942,26826,53652
8944,26832,53664
8946,26838,53676
8948,26844,53688
8950,26850,53700
8952,26856,53712
8954,26862,53724
8956,26868,53736
8958,26874,53748
8960,26880,53760
8962,26886,53772
8964,26892,53784
8966,26898,53796
8968,26904,53808
8970,26910,53820
8972,26916,53832
8974,26922,53844
8976,26928,53856
8978,26934,53868
8980,26940,53880
8982,26946,53892
8984,26952,53904
8986,26958,53916
8988,26964,53928
8990,26970,53940
8992,26976,53952
8994,26982,53964
8996,26988,53976
8998,26994,53988
9000,27000,54000
9002,27006,54012
9004,27012,54024
9006,27018,54036
9008,27024,54048
9010,27030,54060
9012,27036,54072
9014,27042,54084
9016,27048,54096
9018,27054,54108
9020,27060,54120
9022,27066,54132
9024,27072,54144
9026,27078,54156
9028,27084,54168
9030,27090,54180
9032,27096,54192
9034,27102,54204
9036,27108,54216
9038,27114,54228
9040,27120,54240
9042,27126,54252
9044,27132,54264
9046,27138,54276
9048,27144,54288
9050,27150,54300
9052,27156,54312
9054,27162,54324
9056,27168,54336
9058,27174,54348
9060,27180,54360
9062,27186,54372
9064,27192,54384
9066,27198,54396
9068,27204,54408
9070,27210,54420
9072,27216,54432
9074,27222,54444
9076,27228,54456
9078,27234,54468
9080,27240,54480
9082,27246,54492
9084,27252,54504
9086,27258,54516
9088,27264,54528
9090,27270,54540
9092,27276,54552
9094,27282,54564
9096,27288,54576
9098,27294,54588
9100,27300,54600
9102,27306,54612
9104,27312,54624
9106,27318,54636
9108,27324,54648
9110,27330,54660
9112,27336,54672
9114,27342,54684
9116,27348,54696
9118,27354,54708
9120,27360,54720
9122,27366,54732
9124,27372,54744
9126,27378,54756
9128,27384,54768
9130,27390,54780
9132,27396,54792
9134,27402,54804
9136,27408,54816
9138,27414,54828
9140,27420,54840
9142,27426,54852
9144,27432,54864
9146,27438,54876
9148,27444,54888
9150,27450,54900
9152,27456,54912
9154,27462,54924
9156,27468,54936
9158,27474,54948
9160,27480,54960
9162,27486,54972
9164,27492,54984
9166,27498,54996
9168,27504,55008
9170,27510,55020
9172,27516,55032
9174,27522,55044
9176,27528,55056
9178,27534,55068
9180,27540,55080
9182,27546,55092
9184,27552,55104
9186,27558,55116
9188,27564,55128
9190,27570,55140
9192,27576,55152
9194,27582,55164
9196,27588,55176
9198,27594,55188
9200,27600,55200
9202,27606,55212
9204,27612,55224
9206,27618,55236
9208,27624,55248
9210,27630,55260
9212,27636,55272
9214,27642,55284
9216,27648,55296
9218,27654,55308
9220,27660,55320
9222,27666,55332
9224,27672,55344
9226,27678,55356
9228,27684,55368
9230,27690,55380
9232,27696,55392
9234,27702,55404
9236,27708,55416
9238,27714,55428
9240,27720,55440
9242,27726,55452
9244,27732,55464
9246,27738,55476
9248,27744,55488
9250,27750,55500
9252,27756,55512
9254,27762,55524
9256,27768,55536
9258,27774,55548
9260,27780,55560
9262,27786,55572
9264,27792,55584
9266,27798,55596
9268,27804,55608
9270,27810,55620
9272,27816,55632
9274,27822,55644
9276,27828,55656
9278,27834,55668
9280,27840,55680
9282,27846,55692
9284,27852,55704
9286,27858,55716
9288,27864,55728
9290,27870,55740
9292,27876,55752
9294,27882,55764
9296,27888,55776
9298,27894,55788
9300,27900,55800
9302,27906,55812
9304,27912,55824
9306,27918,55836
9308,27924,55848
9310,27930,55860
9312,27936,55872
9314,27942,55884
9316,27948,55896
9318,27954,55908
9320,27960,55920
9322,27966,55932
9324,27972,55944
9326,27978,55956
9328,27984,55968
9330,27990,55980
9332,27996,55992
9334,28002,56004
9336,28008,56016
9338,28014,56028
9340,28020,56040
9342,28026,56052
9344,28032,56064
9346,28038,56076
9348,28044,56088
9350,28050,56100
9352,28056,56112
9354,28062,56124
9356,28068,56136
9358,28074,56148
9360,28080,56160
9362,28086,56172
9364,28092,56184
9366,28098,56196
9368,28104,56208
9370,28110,56220
9372,28116,56232
9374,28122,56244
9376,28128,56256
9378,28134,56268
9380,28140,56280
9382,28146,56292
9384,28152,56304
9386,28158,56316
9388,28164,56328
9390,28170,56340
9392,28176,56352
9394,28182,56364
9396,28188,56376
9398,28194,56388
9400,28200,56400
9402,28206,56412
9404,28212,56424
9406,28218,56436
9408,28224,56448
9410,28230,56460
9412,28236,56472
9414,28242,56484
9416,28248,56496
9418,28254,56508
9420,28260,56520
9422,28266,56532
9424,28272,56544
9426,28278,56556
9428,28284,56568
9430,28290,56580
9432,28296,56592
9434,28302,56604
9436,28308,56616
9438,28314,56628
9440,28320,56640
9442,28326,56652
9444,28332,56664
9446,28338,56676
9448,28344,56688
9450,28350,56700
9452,28356,56712
9454,28362,56724
9456,28368,56736
9458,28374,56748
9460,28380,56760
9462,28386,56772
9464,28392,56784
9466,28398,56796
9468,28404,56808
9470,28410,56820
9472,28416,56832
9474,28422,56844
9476,28428,56856
9478,28434,56868
9480,28440,56880
9482,28446,56892
9484,28452,56904
9486,28458,56916
9488,28464,56928
9490,28470,56940
9492,28476,56952
9494,28482,56964
9496,28488,56976
9498,28494,56988
9500,28500,57000
9502,28506,57012
9504,28512,57024
9506,28518,57036
9508,28524,57048
9510,28530,57060
9512,28536,57072
9514,28542,57084
9516,28548,57096
9518,28554,57108
9520,28560,57120
9522,28566,57132
9524,28572,57144
9526,28578,57156
9528,28584,57168
9530,28590,57180
9532,28596,57192
9534,28602,57204
9536,28608,57216
9538,28614,57228
9540,28620,57240
9542,28626,57252
9544,28632,57264
9546,28638,57276
9548,28644,57288
9550,28650,57300
9552,28656,57312
9554,28662,57324
9556,28668,57336
9558,28674,57348
9560,28680,57360
9562,28686,57372
9564,28692,57384
9566,28698,57396
9568,28704,57408
9570,28710,57420
9572,28716,57432
9574,28722,57444
9576,28728,57456
9578,28734,57468
9580,28740,57480
9582,28746,57492
9584,28752,57504
9586,28758,57516
9588,28764,57528
9590,28770,57540
9592,28776,57552
9594,28782,57564
9596,28788,57576
9598,28794,57588
9600,28800,57600
9602,28806,57612
9604,28812,57624
9606,28818,57636
9608,28824,57648
9610,28830,57660
9612,28836,57672
9614,28842,57684
9616,28848,57696
9618,28854,57708
9620,28860,57720
9622,28866,57732
9624,28872,57744
9626,28878,57756
9628,28884,57768
9630,28890,57780
9632,28896,57792
9634,28902,57804
9636,28908,57816
9638,28914,57828
9640,28920,57840
9642,28926,57852
9644,28932,57864
9646,28938,57876
9648,28944,57888
9650,28950,57900
9652,28956,57912
9654,28962,57924
9656,28968,57936
9658,28974,57948
9660,28980,57960
9662,28986,57972
9664,28992,57984
9666,28998,57996
9668,29004,58008
9670,29010,58020
9672,29016,58032
9674,29022,58044
9676,29028,58056
9678,29034,58068
9680,29040,58080
9682,29046,58092
9684,29052,58104
9686,29058,58116
9688,29064,58128
9690,29070,58140
9692,29076,58152
9694,29082,58164
9696,29088,58176
9698,29094,58188
9700,29100,58200
9702,29106,58212
9704,29112,58224
9706,29118,58236
9708,29124,58248
9710,29130,58260
9712,29136,58272
9714,29142,58284
9716,29148,58296
9718,29154,58308
9720,29160,58320
9722,29166,58332
9724,29172,58344
9726,29178,58356
9728,29184,58368
9730,29190,58380
9732,29196,58392
9734,29202,58404
9736,29208,58416
9738,29214,58428
9740,29220,58440
9742,29226,58452
9744,29232,58464
9746,29238,58476
9748,29244,58488
9750,29250,58500
9752,29256,58512
9754,29262,58524
9756,29268,58536
9758,29274,58548
9760,29280,58560
9762,29286,58572
9764,29292,58584
9766,29298,58596
9768,29304,58608
9770,29310,58620
9772,29316,58632
9774,29322,58644
9776,29328,58656
9778,29334,58668
9780,29340,58680
9782,29346,58692
9784,29352,58704
9786,29358,58716
9788,29364,58728
9790,29370,58740
9792,29376,58752
9794,29382,58764
9796,29388,58776
9798,29394,58788
9800,29400,58800
9802,29406,58812
9804,29412,58824
9806,29418,58836
9808,29424,58848
9810,29430,58860
9812,29436,58872
9814,29442,58884
9816,29448,58896
9818,29454,58908
9820,29460,58920
9822,29466,58932
9824,29472,58944
9826,29478,58956
9828,29484,58968
9830,29490,58980
9832,29496,58992
9834,29502,59004
9836,29508,59016
9838,29514,59028
9840,29520,59040
9842,29526,59052
9844,29532,59064
9846,29538,59076
9848,29544,59088
9850,29550,59100
9852,29556,59112
9854,29562,59124
9856,29568,59136
9858,29574,59148
9860,29580,59160
9862,29586,59172
9864,29592,59184
9866,29598,59196
9868,29604,59208
9870,29610,59220
9872,29616,59232
9874,29622,59244
9876,29628,59256
9878,29634,59268
9880,29640,59280
9882,29646,59292
9884,29652,59304
9886,29658,59316
9888,29664,59328
9890,29670,59340
9892,29676,59352
9894,29682,59364
9896,29688,59376
9898,29694,59388
9900,29700,59400
9902,29706,59412
9904,29712,59424
9906,29718,59436
9908,29724,59448
9910,29730,59460
9912,29736,59472
9914,29742,59484
9916,29748,59496
9918,29754,59508
9920,29760,59520
9922,29766,59532
9924,29772,59544
9926,29778,59556
9928,29784,59568
9930,29790,59580
9932,29796,59592
9934,29802,59604
9936,29808,59616
9938,29814,59628
9940,29820,59640
9942,29826,59652
9944,29832,59664
9946,29838,59676
9948,29844,59688
9950,29850,59700
9952,29856,59712
9954,29862,59724
9956,29868,59736
9958,29874,59748
9960,29880,59760
9962,29886,59772
9964,29892,59784
9966,29898,59796
9968,29904,59808
9970,29910,59820
9972,29916,59832
9974,29922,59844
9976,29928,59856
9978,29934,59868
9980,29940,59880
9982,29946,59892
9984,29952,59904
9986,29958,59916
9988,29964,59928
9990,29970,59940
9992,29976,59952
9994,29982,59964
9996,29988,59976
9998,29994,59988
10000,30000,60000
